id,answer,user_input,answer_category,input_category_guess,relation_tag,expected_range,score_0_100,reason,reviewer,source_tier,sample_weight,noise_reasons
1,seitai,点头,神话,,cross_category_low,1-11,6,二者不搭界,,unknown,0.50,
2,一人之下,咒术回战,动漫,,same_category_mid,45-55,50,关联度中等,,unknown,0.50,
3,一人之下,白蛇缘起,动漫,动漫,hard_negative_low,10-20,15,failed_top3_confusion_rank3,hard_negative_miner_v1,auto_miner,0.55,
4,一人之下,虹猫蓝兔,动漫,动漫,related_mid,63-73,68,failed_top1_confusion,suggested_relabel_ab_v1,auto_relabel,0.80,
5,一人之下,青之驱魔师,动漫,动漫,related_mid,63-73,68,failed_top3_confusion_rank2,suggested_relabel_ab_v1,auto_relabel,0.80,
6,一拳超人,喜羊羊,动漫,动漫,related_mid,63-73,68,failed_top3_confusion_rank2,suggested_relabel_ab_v1,auto_relabel,0.80,
7,一拳超人,守株待兔,动漫,,cross_category_low,2-12,7,二者不搭界,,unknown,0.50,
8,一拳超人,虹猫蓝兔,动漫,动漫,near_synonym_high,77-87,82,failed_top1_confusion,suggested_relabel_ab_v1,auto_relabel,0.80,
9,一拳超人,龙猫,动漫,动漫,related_mid,63-73,68,failed_top3_confusion_rank3,suggested_relabel_ab_v1,auto_relabel,0.80,
10,七夕,软糯,节日,,nonsense_low,0-7,2,毫无关联,,unknown,0.50,
11,三令五申,反复说明,典故,,hint_like_high,75-85,80,关联度较高,,unknown,0.50,
12,三令五申,超新星,典故,,cross_category_low,0-7,2,二者不搭界,,unknown,0.50,
13,三明治,卧薪尝胆,美食,,cross_category_low,2-12,7,二者不搭界,,unknown,0.50,
14,三顾茅庐,反复邀请,典故,,hint_like_high,75-85,80,关联度较高,,unknown,0.50,
15,三顾茅庐,求才若渴,典故,,hint_like_high,65-75,70,字面意思接近,,unknown,0.50,
16,上网,信号满,生活,,hint_like_high,65-75,70,信号满容易联想到手机或者WIFI,,unknown,0.50,
17,上课,不良人,学习,,cross_category_low,2-12,7,二者不搭界,,unknown,0.50,
18,下线,关闭功能,工作,,hint_like_high,15-25,20,下线包含关闭的意思但关联度确实不高,,unknown,0.50,
19,不良人,刀剑神域,动漫,动漫,hard_negative_low,10-20,15,failed_top3_confusion_rank2,hard_negative_miner_v1,auto_miner,0.55,
20,不良人,白蛇缘起,动漫,动漫,hard_negative_low,10-20,15,failed_top3_confusion_rank3,hard_negative_miner_v1,auto_miner,0.55,
21,不良人,虹猫蓝兔,动漫,动漫,related_mid,63-73,68,failed_top1_confusion,suggested_relabel_ab_v1,auto_relabel,0.80,
22,丘比特,瀑布,狼人杀,,cross_category_low,2-12,7,二者不搭界,,unknown,0.50,
23,东京喰种,白蛇缘起,动漫,动漫,hard_negative_low,10-20,15,failed_top3_confusion_rank3,hard_negative_miner_v1,auto_miner,0.55,
24,东京喰种,罗小黑战记,动漫,动漫,hard_negative_low,10-20,15,failed_top1_confusion,hard_negative_miner_v1,auto_miner,0.55,
25,东京喰种,青之驱魔师,动漫,动漫,related_mid,63-73,68,failed_top3_confusion_rank2,suggested_relabel_ab_v1,auto_relabel,0.80,
26,丢垃圾,搬家,生活,,same_category_mid,15-25,20,语义不同,,unknown,0.50,
27,丢垃圾,洗漱,生活,,same_category_mid,15-25,20,语义不同,,unknown,0.50,
28,丢垃圾,通话,生活,,same_category_mid,5-15,10,猜不到的,,unknown,0.50,
29,云雾,茶园,风景,,same_category_mid,15-25,20,关联度低,,unknown,0.50,
30,井水不犯,传递流程,歇后语,,nonsense_low,0-7,2,毫无关联,,unknown,0.50,
31,井水不犯,秀才遇鬼,歇后语,,same_category_mid,25-35,30,都是歇后语，但关联度不高,,unknown,0.50,
32,井然有序,叶公好龙,成语,,same_category_mid,15-25,20,二者关联度底,,unknown,0.50,
33,亡羊补牢,上课,成语,,cross_category_low,2-12,7,二者不搭界,,unknown,0.50,
34,交付,评审,工作,,same_category_mid,35-45,40,范围接近，语义不同,,unknown,0.50,
35,交接,自检,工作,,same_category_mid,15-25,20,语义不同,,unknown,0.50,
36,京剧,国粹舞台,文化,,hint_like_high,75-85,80,关联度较高,,unknown,0.50,
37,京剧,风之谷,文化,,cross_category_low,2-12,7,二者不搭界,,unknown,0.50,
38,代数,祖冲之,学科,,cross_category_low,2-12,7,二者不搭界,,unknown,0.50,
39,伤心,幕布戏偶,感情,,nonsense_low,0-7,2,毫无关联,,unknown,0.50,
40,伸展,下西洋,动作,,nonsense_low,0-7,2,毫无关联,,unknown,0.50,
41,伸展,俯卧,动作,,same_category_mid,45-55,50,动作类型相似,,unknown,0.50,
42,伸展,舒缓紧绷,动作,,hint_like_high,55-65,60,关联度中等,,unknown,0.50,
43,体面,体面,歌曲,,same_answer_exact,95-100,100,完全一样,,unknown,0.50,
44,你的名字,大鱼海棠,动漫,动漫,related_mid,63-73,68,failed_top3_confusion_rank2,suggested_relabel_ab_v1,auto_relabel,0.80,
45,你的名字,虹猫蓝兔,动漫,动漫,related_mid,63-73,68,failed_top3_confusion_rank3,suggested_relabel_ab_v1,auto_relabel,0.80,
46,你的名字,青之驱魔师,动漫,动漫,related_mid,63-73,68,failed_top1_confusion,suggested_relabel_ab_v1,auto_relabel,0.80,
47,依恋,想靠近,情感,,hint_like_high,45-55,50,后者范围较广,,unknown,0.50,
48,侧步,左右挪,动作,,hint_like_high,65-75,70,字面意思接近，联想度不高,,unknown,0.50,
49,修灯,梯子,生活,,hint_like_high,35-45,40,前者大部分需要后者，但后者和前者关联度不够高,,unknown,0.50,
50,修灯,检查线,生活,,hint_like_high,55-65,60,关联度中等,,unknown,0.50,
51,俯卧,平躺反,动作,,hint_like_high,85-95,90,很接近,,unknown,0.50,
52,俯身,云量厚,动作,,nonsense_low,0-7,2,毫无关联,,unknown,0.50,
53,俯身,午休,动作,,cross_category_low,2-12,7,二者不搭界,,unknown,0.50,
54,借刀杀人,月饼,典故,,nonsense_low,0-7,2,毫无关联,,unknown,0.50,
55,借刀杀人,步骤,典故,,nonsense_low,0-7,2,毫无关联,,unknown,0.50,
56,值机,安心,旅游,,cross_category_low,2-12,7,二者不搭界,,unknown,0.50,
57,值机,春分,旅游,,cross_category_low,1-11,6,二者不搭界,,unknown,0.50,
58,值班,狗尾续貂,工作,,cross_category_low,2-12,7,二者不搭界,,unknown,0.50,
59,做作业,做作业,学习,,same_answer_exact,95-100,100,完全一样,,unknown,0.50,
60,做实验,器材,学习,,hint_like_high,75-85,80,关联度较高,,unknown,0.50,
61,做家务,得意,生活,,nonsense_low,0-7,2,毫无关联,,unknown,0.50,
62,做家务,清理屋,生活,,hint_like_high,85-95,90,非常接近了,,unknown,0.50,
63,做梦,存档,生活,,cross_category_low,2-12,7,二者不搭界,,unknown,0.50,
64,做梦,火星,生活,,cross_category_low,2-12,7,二者不搭界,,unknown,0.50,
65,做题,记忆,学习,,same_category_mid,35-45,40,都是学习，但关联度不高,,unknown,0.50,
66,停下,不再动,动作,,hint_like_high,75-85,80,关联度较高,,unknown,0.50,
67,催办,登顶,工作,,cross_category_low,5-15,10,二者不搭界,,unknown,0.50,
68,儿童节,学校活动,节日,,hint_like_high,65-75,70,学校联想度较高，但儿童节也有其他庆祝方式，关联度中等,,unknown,0.50,
69,元宵,绿垄,节日,,nonsense_low,0-7,2,毫无关联,,unknown,0.50,
70,先知,先知,狼人杀,,same_answer_exact,95-100,100,完全一样,,unknown,0.50,
71,先知,预言家,狼人杀,,hint_like_high,95-100,100,二者几乎相等,,unknown,0.50,
72,光年,测天距,宇宙,,hint_like_high,85-95,90,很接近,,unknown,0.50,
73,兔子尾巴,铁公鸡,歇后语,,same_category_mid,15-25,20,二者关联度底,,unknown,0.50,
74,入职,报到登记,工作,,hint_like_high,75-85,80,关联度较高，报到登记是入职的一个重要环节,,unknown,0.50,
75,入职,自检,工作,,same_category_mid,5-15,10,二者完全不搭界,,unknown,0.50,
76,入职,语文,工作,,cross_category_low,2-12,7,二者不搭界,,unknown,0.50,
77,全职猎人,数码宝贝,动漫,动漫,related_mid,63-73,68,failed_top3_confusion_rank2,suggested_relabel_ab_v1,auto_relabel,0.80,
78,全职猎人,虹猫蓝兔,动漫,动漫,hard_negative_low,10-20,15,failed_top1_confusion,hard_negative_miner_v1,auto_miner,0.55,
79,全职猎人,银魂,动漫,动漫,hard_negative_low,10-20,15,failed_top3_confusion_rank3,hard_negative_miner_v1,auto_miner,0.55,
80,全职猎人,馄饨,动漫,,cross_category_low,2-12,7,二者不搭界,,unknown,0.50,
81,八面玲珑,同舟共济,成语,,same_category_mid,15-25,20,二者词义关联度低,,unknown,0.50,
82,八面玲珑,杯弓蛇影,成语,,same_category_mid,25-35,30,都是成语，但关联度不高,,unknown,0.50,
83,公会,手柄,游戏,,same_category_mid,25-35,30,关联度低,,unknown,0.50,
84,公会,语言技巧,游戏,,nonsense_low,0-7,2,毫无关联,,unknown,0.50,
85,关羽,盲人摸象,人物,,cross_category_low,2-12,7,二者不搭界,,unknown,0.50,
86,写作,石桥,学习,,cross_category_low,2-12,7,二者不搭界,,unknown,0.50,
87,冰川,冰川,风景,,same_answer_exact,95-100,100,完全一样,,unknown,0.50,
88,冲茶,挥拳,生活,,cross_category_low,5-15,10,语义不同,,unknown,0.50,
89,冷淡,国家事,情感,,nonsense_low,0-7,2,毫无关联,,unknown,0.50,
90,出境,出境,旅游,,same_answer_exact,95-100,100,完全一样,,unknown,0.50,
91,出境,背包,旅游,,same_category_mid,15-25,20,关联度低,,unknown,0.50,
92,凿壁借光,凿壁借光,典故,,same_answer_exact,95-100,100,完全一样,,unknown,0.50,
93,凿壁借光,夜读无灯,典故,,hint_like_high,80-90,85,后者为解释,,unknown,0.50,
94,刀剑神域,对齐,动漫,,nonsense_low,0-7,2,毫无关联,,unknown,0.50,
95,划点,提问,学习,,same_category_mid,15-25,20,语义不同,,unknown,0.50,
96,刮骨疗毒,壮士断腕,典故,,hint_like_high,35-45,40,情感上有联系，但前者属于关羽，华佗，三国独有,,unknown,0.50,
97,刷牙,早晚做,生活,,hint_like_high,45-55,50,后者范围较广,,unknown,0.50,
98,刺客伍六七,任务,动漫,,hint_like_high,45-55,50,后者范围较广,,unknown,0.50,
99,刺客伍六七,樱桃小丸子,动漫,动漫,hard_negative_low,10-20,15,failed_top1_confusion,hard_negative_miner_v1,auto_miner,0.55,
100,刺客伍六七,烤鸭,动漫,,nonsense_low,0-7,2,毫无关联,,unknown,0.50,
101,刺客伍六七,青之驱魔师,动漫,动漫,hard_negative_low,10-20,15,failed_top3_confusion_rank3,hard_negative_miner_v1,auto_miner,0.55,
102,刺客伍六七,龙猫,动漫,动漫,hard_negative_low,10-20,15,failed_top3_confusion_rank2,hard_negative_miner_v1,auto_miner,0.55,
103,刻舟求剑,刻舟求剑,歇后语,,same_answer_exact,95-100,100,完全一样,,unknown,0.50,
104,副本,开荒,游戏,,same_category_mid,65-75,70,关联度较高,,unknown,0.50,
105,副本,汉堡,游戏,,cross_category_low,2-12,7,二者不搭界,,unknown,0.50,
106,加班,加班,工作,,same_answer_exact,95-100,100,完全一样,,unknown,0.50,
107,匆匆那年,稻香,歌曲,,same_category_mid,55-65,60,关联度中等,,unknown,0.50,
108,化学,化学,学科,,same_answer_exact,95-100,100,完全一样,,unknown,0.50,
109,化学,法学,学科,,same_category_mid,45-55,50,都为学科,,unknown,0.50,
110,化学,溶液配比,学科,,hint_like_high,45-55,50,化学包含溶液配比但后者只是前者的一个方面,,unknown,0.50,
111,化学,狼人,学科,,cross_category_low,2-12,7,二者不搭界,,unknown,0.50,
112,匹配,运动,游戏,,cross_category_low,2-12,7,二者不搭界,,unknown,0.50,
113,医学,诊断治疗,学科,,hint_like_high,65-75,70,包含关系,,unknown,0.50,
114,医学,逻辑,学科,,same_category_mid,15-25,20,关联度较高,,unknown,0.50,
115,千与千寻,命运之夜,动漫,,same_category_mid,45-55,50,关联度中等,,unknown,0.50,
116,千与千寻,喜羊羊,动漫,动漫,hard_negative_low,10-20,15,failed_top3_confusion_rank3,hard_negative_miner_v1,auto_miner,0.55,
117,千与千寻,白蛇缘起,动漫,动漫,related_mid,63-73,68,failed_top1_confusion,suggested_relabel_ab_v1,auto_relabel,0.80,
118,千与千寻,魔法,动漫,,hint_like_high,25-35,30,有关联但不高,,unknown,0.50,
119,千与千寻,龙猫,动漫,动漫,hard_negative_low,10-20,15,failed_top3_confusion_rank2,hard_negative_miner_v1,auto_miner,0.55,
120,升级,组队,游戏,,same_category_mid,55-65,60,关联度中等,,unknown,0.50,
121,单刀赴会,悬梁刺股,典故,,same_category_mid,25-35,30,都是历史典故，但关联度不高,,unknown,0.50,
122,卧冰求鲤,围魏救赵,典故,,same_category_mid,15-25,20,成语关联度不高,,unknown,0.50,
123,卧冰求鲤,寒冷之举,典故,,hint_like_high,65-75,70,字面意思接近,,unknown,0.50,
124,卧冰求鲤,故事流传,典故,,hint_like_high,45-55,50,后者范围较广,,unknown,0.50,
125,卫星,果汁,宇宙,,cross_category_low,2-12,7,二者不搭界,,unknown,0.50,
126,历史,时序,学科,,hint_like_high,25-35,30,某种意义上的关联，但很难联想,,unknown,0.50,
127,压抑,郁结,感情,,hint_like_high,55-65,60,都有抑郁的情感色彩但不完全一样,,unknown,0.50,
128,厌烦,猪八戒照镜,情感,,nonsense_low,0-7,2,毫无关联,,unknown,0.50,
129,古城,云雾,风景,,same_category_mid,35-45,40,关联度低,,unknown,0.50,
130,司马光,亲切感,人物,,nonsense_low,0-7,2,毫无关联,,unknown,0.50,
131,合成,产出装备,游戏,,hint_like_high,75-85,80,合成包含产出装备但后者只是前者的一个方面,,unknown,0.50,
132,合成,词缀打造,游戏,,hint_like_high,35-45,40,词缀仅仅是合成的一小部分内容,,unknown,0.50,
133,同舟共济,锦上添花,成语,,same_category_mid,55-65,60,种类相同，但意义不同,,unknown,0.50,
134,名不副实,华而无用,成语,,hint_like_high,65-75,70,字面意思接近,,unknown,0.50,
135,名侦探柯南,刺客伍六七,动漫,动漫,related_mid,63-73,68,failed_top1_confusion,suggested_relabel_ab_v1,auto_relabel,0.80,
136,名侦探柯南,旋转,动漫,,cross_category_low,2-12,7,二者不搭界,,unknown,0.50,
137,名侦探柯南,画江湖,动漫,动漫,hard_negative_low,10-20,15,failed_top3_confusion_rank3,hard_negative_miner_v1,auto_miner,0.55,
138,名侦探柯南,黑执事,动漫,动漫,related_mid,63-73,68,failed_top3_confusion_rank2,suggested_relabel_ab_v1,auto_relabel,0.80,
139,名侦探柯南,黑衣,动漫,,hint_like_high,45-55,50,后者范围较广,,unknown,0.50,
140,后来,告白气球,歌曲,,same_category_mid,55-65,60,关联度中等,,unknown,0.50,
141,后来,演员,歌曲,,same_category_mid,25-35,30,二者联想度低,,unknown,0.50,
142,后来我们,划点,歌曲,,cross_category_low,2-12,7,二者不搭界,,unknown,0.50,
143,后来我们,感慨,歌曲,,hint_like_high,45-55,50,后者范围较广,,unknown,0.50,
144,后退,保持距离,动作,,hint_like_high,65-75,70,后者联想度一般，也可联想成为前进,,unknown,0.50,
145,向导,撞山,旅游,,nonsense_low,0-7,2,毫无关联,,unknown,0.50,
146,听课,守岁,学习,,nonsense_low,0-7,2,毫无关联,,unknown,0.50,
147,听课,高处直冲,学习,,nonsense_low,0-7,2,毫无关联,,unknown,0.50,
148,周深,治愈,歌手,,hint_like_high,5-15,10,不搭界，周深没唱过治愈,,unknown,0.50,
149,命运之夜,传说,动漫,,hint_like_high,35-45,40,关联度不高,,unknown,0.50,
150,命运之夜,山脊,动漫,,cross_category_low,0-7,2,二者不搭界,,unknown,0.50,
151,命运之夜,引人来改,动漫,,nonsense_low,0-7,2,毫无关联,,unknown,0.50,
152,命运之夜,虹猫蓝兔,动漫,动漫,hard_negative_low,10-20,15,failed_top1_confusion,hard_negative_miner_v1,auto_miner,0.55,
153,命运之夜,进击的巨人,动漫,动漫,related_mid,63-73,68,failed_top3_confusion_rank2,suggested_relabel_ab_v1,auto_relabel,0.80,
154,命运之夜,龙珠,动漫,动漫,hard_negative_low,10-20,15,failed_top3_confusion_rank3,hard_negative_miner_v1,auto_miner,0.55,
155,和尚打伞,肆意妄为,歇后语,,hint_like_high,45-55,50,后者范围较广,,unknown,0.50,
156,咒术回战,咒术回战,动漫,,same_answer_exact,95-100,100,完全一样,,unknown,0.50,
157,咒术回战,法门,动漫,,hint_like_high,55-65,60,包含关系,,unknown,0.50,
158,咒术回战,虹猫蓝兔,动漫,动漫,related_mid,63-73,68,failed_top3_confusion_rank3,suggested_relabel_ab_v1,auto_relabel,0.80,
159,咒术回战,言叶之庭,动漫,动漫,hard_negative_low,10-20,15,failed_top1_confusion,hard_negative_miner_v1,auto_miner,0.55,
160,咒术回战,龙珠,动漫,动漫,hard_negative_low,10-20,15,failed_top3_confusion_rank2,hard_negative_miner_v1,auto_miner,0.55,
161,咖喱,确认归岗,美食,,nonsense_low,0-7,2,毫无关联,,unknown,0.50,
162,哆啦A梦,喜羊羊,动漫,动漫,hard_negative_low,10-20,15,failed_top3_confusion_rank3,hard_negative_miner_v1,auto_miner,0.55,
163,哆啦A梦,罗小黑战记,动漫,动漫,related_mid,63-73,68,failed_top3_confusion_rank2,suggested_relabel_ab_v1,auto_relabel,0.80,
164,哆啦A梦,龙猫,动漫,动漫,related_mid,63-73,68,failed_top1_confusion,suggested_relabel_ab_v1,auto_relabel,0.80,
165,哪吒,哪吒,神话,,same_answer_exact,95-100,100,完全一样,,unknown,0.50,
166,哪吒,麒麟,神话,,same_category_mid,65-75,70,种类相同,,unknown,0.50,
167,哲学,心理,学科,,same_category_mid,15-25,20,语义不同,,unknown,0.50,
168,哲学,稳定性,学科,,nonsense_low,0-7,2,毫无关联,,unknown,0.50,
169,唇亡齿寒,命运相连,成语,,hint_like_high,85-95,90,关联度较高,,unknown,0.50,
170,唇亡齿寒,守口如瓶,成语,,same_category_mid,15-25,20,二者关联度低,,unknown,0.50,
171,喜悦,樱花,情感,,cross_category_low,2-12,7,二者不搭界,,unknown,0.50,
172,喜悦,煎饼,情感,,cross_category_low,2-12,7,二者不搭界,,unknown,0.50,
173,喜羊羊,罗小黑战记,动漫,动漫,hard_negative_low,10-20,15,failed_top3_confusion_rank2,hard_negative_miner_v1,auto_miner,0.55,
174,喜羊羊,龙猫,动漫,动漫,related_mid,63-73,68,failed_top1_confusion,suggested_relabel_ab_v1,auto_relabel,0.80,
175,四面楚歌,无路可退,典故,,hint_like_high,75-85,80,环境相同,,unknown,0.50,
176,四面楚歌,暮色流动,典故,,nonsense_low,0-7,2,毫无关联,,unknown,0.50,
177,国庆,万圣节,节日,,same_category_mid,25-35,30,都是节日，但关联度不高,,unknown,0.50,
178,国画,楹联,文化,,same_category_mid,35-45,40,都是文化，但关联度不高,,unknown,0.50,
179,图穷匕见,破釜沉舟,典故,,same_category_mid,25-35,30,都是历史典故，但关联度不高,,unknown,0.50,
180,图穷匕见,连击,典故,,cross_category_low,2-12,7,二者不搭界,,unknown,0.50,
181,土星,气体球,宇宙,,hint_like_high,55-65,60,后者范围大,,unknown,0.50,
182,圣斗士,白蛇缘起,动漫,动漫,related_mid,63-73,68,failed_top1_confusion,suggested_relabel_ab_v1,auto_relabel,0.80,
183,圣斗士,虹猫蓝兔,动漫,动漫,related_mid,63-73,68,failed_top3_confusion_rank3,suggested_relabel_ab_v1,auto_relabel,0.80,
184,圣斗士,龙猫,动漫,,same_category_mid,45-55,50,关联度中等,,unknown,0.50,
185,圣斗士,龙珠,动漫,动漫,related_mid,63-73,68,failed_top3_confusion_rank2,suggested_relabel_ab_v1,auto_relabel,0.80,
186,圣诞,虚惊一场,节日,,nonsense_low,0-7,2,毫无关联,,unknown,0.50,
187,地球,体面,宇宙,,cross_category_low,2-12,7,二者不搭界,,unknown,0.50,
188,坐船,安检,旅游,,same_category_mid,35-45,40,都是旅游，但关联度不高,,unknown,0.50,
189,坐船,桨划水面,旅游,,hint_like_high,45-55,50,关联度中等,,unknown,0.50,
190,培训,加班,工作,,same_category_mid,15-25,20,语义不同,,unknown,0.50,
191,塔防,手柄,游戏,,same_category_mid,25-35,30,都是游戏，但关联度不高,,unknown,0.50,
192,塔防,指鹿为马,游戏,,cross_category_low,2-12,7,二者不搭界,,unknown,0.50,
193,塔防,视角,游戏,,same_category_mid,15-25,20,二者关联度低,,unknown,0.50,
194,塔防,资源分配,游戏,,hint_like_high,45-55,50,后者范围较广,,unknown,0.50,
195,处暑,处暑,节日,,same_answer_exact,95-100,100,完全一样,,unknown,0.50,
196,处暑,热退去,节日,,hint_like_high,55-65,60,对处暑的解释,,unknown,0.50,
197,复习,翻旧笔记,学习,,hint_like_high,75-85,80,复习包含翻旧笔记,,unknown,0.50,
198,复盘,同舟共济,工作,,cross_category_low,2-12,7,二者不搭界,,unknown,0.50,
199,复述,翻滚,学习,,cross_category_low,2-12,7,二者不搭界,,unknown,0.50,
200,夏目友人帐,火箭,动漫,,cross_category_low,0-10,5,二者不搭界,,unknown,0.50,
201,夏目友人帐,秦时明月,动漫,,same_category_mid,45-55,50,均为动漫，语义不同,,unknown,0.50,
202,夏至,欣慰,节日,,cross_category_low,2-12,7,二者不搭界,,unknown,0.50,
203,外卖,门口取,生活,,hint_like_high,50-60,55,有关联，但联想程度不高,,unknown,0.50,
204,外星人,星球,宇宙,,same_category_mid,35-45,40,都是宇宙相关，但关联度不高,,unknown,0.50,
205,外星人,未知生命,宇宙,,hint_like_high,65-75,70,联想能力中等,,unknown,0.50,
206,夜曲,平凡之路,歌曲,,same_category_mid,35-45,40,猜不到,,unknown,0.50,
207,夜曲,晴天,歌曲,,same_category_mid,55-65,60,关联度中等,,unknown,0.50,
208,夜色,海岸,风景,,same_category_mid,15-25,20,关联度低,,unknown,0.50,
209,大暑,找阴凉,节日,,hint_like_high,65-75,70,字面意思接近,,unknown,0.50,
210,大暑,琴棋,节日,,cross_category_low,2-12,7,二者不搭界,,unknown,0.50,
211,大暑,辅黄帝,节日,,nonsense_low,0-7,2,毫无关联,,unknown,0.50,
212,大禹,盘瓠,神话,,same_category_mid,25-35,30,二者关联度低,,unknown,0.50,
213,大鱼海棠,天空之城,动漫,,same_category_mid,65-75,70,都为动漫,,unknown,0.50,
214,大鱼海棠,白蛇缘起,动漫,动漫,related_mid,63-73,68,failed_top1_confusion,suggested_relabel_ab_v1,auto_relabel,0.80,
215,大鱼海棠,罗小黑战记,动漫,动漫,hard_negative_low,10-20,15,failed_top3_confusion_rank2,hard_negative_miner_v1,auto_miner,0.55,
216,大鱼海棠,虹猫蓝兔,动漫,动漫,related_mid,63-73,68,failed_top3_confusion_rank3,suggested_relabel_ab_v1,auto_relabel,0.80,
217,天体,上线,学科,,cross_category_low,2-12,7,二者不搭界,,unknown,0.50,
218,天体,小暑,学科,,cross_category_low,2-12,7,二者不搭界,,unknown,0.50,
219,天体,樱花,学科,,nonsense_low,0-7,2,毫无关联,,unknown,0.50,
220,天气之子,你的名字,动漫,动漫,related_mid,63-73,68,failed_top1_confusion,suggested_relabel_ab_v1,auto_relabel,0.80,
221,天气之子,咒术回战,动漫,,same_category_mid,45-55,50,关联度中等,,unknown,0.50,
222,天气之子,弯膝下沉,动漫,,nonsense_low,0-7,2,毫无关联,,unknown,0.50,
223,天气之子,海贼王,动漫,动漫,hard_negative_low,10-20,15,failed_top3_confusion_rank2,hard_negative_miner_v1,auto_miner,0.55,
224,天气之子,龙珠,动漫,动漫,hard_negative_low,10-20,15,failed_top3_confusion_rank3,hard_negative_miner_v1,auto_miner,0.55,
225,天王星,海王星,宇宙,,same_category_mid,65-75,70,关联度较高,,unknown,0.50,
226,天空之城,冒险,动漫,,hint_like_high,35-45,40,冒险太笼统了,,unknown,0.50,
227,天空之城,大鱼海棠,动漫,动漫,related_mid,63-73,68,failed_top3_confusion_rank3,suggested_relabel_ab_v1,auto_relabel,0.80,
228,天空之城,怎么猜,动漫,,nonsense_low,0-7,2,毫无关联,,unknown,0.50,
229,天空之城,数码宝贝,动漫,动漫,related_mid,63-73,68,failed_top3_confusion_rank2,suggested_relabel_ab_v1,auto_relabel,0.80,
230,天空之城,星游记,动漫,动漫,related_mid,63-73,68,failed_top1_confusion,suggested_relabel_ab_v1,auto_relabel,0.80,
231,失望,酸辣粉,感情,,cross_category_low,2-12,7,二者不搭界,,unknown,0.50,
232,失落,伤心,感情,,same_category_mid,75-85,80,词义接近,,unknown,0.50,
233,失落,压抑,感情,,same_category_mid,55-65,60,都是负面情绪,,unknown,0.50,
234,失落,失落,感情,,same_answer_exact,95-100,100,完全一样,,unknown,0.50,
235,夸父,夔牛,神话,,same_category_mid,55-65,60,都是神话，但关联度不高,,unknown,0.50,
236,女娲,朱雀,神话,,same_category_mid,55-65,60,都是神话，但关联度不高,,unknown,0.50,
237,女巫,丘比特,狼人杀,,same_category_mid,65-75,70,关联度较高,,unknown,0.50,
238,女巫,粥品,狼人杀,,cross_category_low,0-7,2,二者不搭界,,unknown,0.50,
239,妖精尾巴,一人之下,动漫,,same_category_mid,45-55,50,关联度中等,,unknown,0.50,
240,妖精尾巴,喜羊羊,动漫,,same_category_mid,45-55,50,关联度中等,,unknown,0.50,
241,妖精尾巴,星座,动漫,,cross_category_low,0-10,5,二者不搭界,,unknown,0.50,
242,妖精尾巴,白蛇缘起,动漫,动漫,related_mid,63-73,68,failed_top3_confusion_rank3,suggested_relabel_ab_v1,auto_relabel,0.80,
243,妖精尾巴,虹猫蓝兔,动漫,动漫,hard_negative_low,10-20,15,failed_top1_confusion,hard_negative_miner_v1,auto_miner,0.55,
244,妖精尾巴,青之驱魔师,动漫,动漫,hard_negative_low,10-20,15,failed_top3_confusion_rank2,hard_negative_miner_v1,auto_miner,0.55,
245,委屈,委屈,感情,,same_answer_exact,95-100,100,完全一样,,unknown,0.50,
246,嫉妒,会议,感情,,cross_category_low,2-12,7,二者不搭界,,unknown,0.50,
247,嫉妒,规整,感情,,nonsense_low,0-7,2,毫无关联,,unknown,0.50,
248,嫉妒,释然,感情,,same_category_mid,25-35,30,语义不同,,unknown,0.50,
249,孙悟空,蒲松龄,人物,,same_category_mid,35-45,40,都是历史人物，但关联度不高,,unknown,0.50,
250,孤寂,孤寂,情感,,same_answer_exact,95-100,100,完全一样,,unknown,0.50,
251,孤寂,无奈,情感,,same_category_mid,25-35,30,语义不同,,unknown,0.50,
252,孤寂,路线阻挡,情感,,nonsense_low,0-7,2,毫无关联,,unknown,0.50,
253,守卫,午休,狼人杀,,cross_category_low,2-12,7,二者不搭界,,unknown,0.50,
254,守口如瓶,不外传,成语,,hint_like_high,75-85,80,关联度较高,,unknown,0.50,
255,守墓人,守墓人,狼人杀,,same_answer_exact,95-100,100,完全一样,,unknown,0.50,
256,守夜人,守夜人,狼人杀,,same_answer_exact,95-100,100,完全一样,,unknown,0.50,
257,守夜人,深更出手,狼人杀,,hint_like_high,45-55,50,形容这个身份，但狼人杀术语中不适用,,unknown,0.50,
258,守护神,狼美人,狼人杀,,same_category_mid,65-75,70,都为狼人杀，范围接近,,unknown,0.50,
259,安检,安检,旅游,,same_answer_exact,95-100,100,完全一样,,unknown,0.50,
260,完璧归赵,巧辩,典故,,hint_like_high,15-25,20,关联度不高,,unknown,0.50,
261,完璧归赵,退避三舍,典故,,same_category_mid,25-35,30,都是历史典故，但关联度不高,,unknown,0.50,
262,实验,旋转,学习,,cross_category_low,2-12,7,二者不搭界,,unknown,0.50,
263,实验,现象观察,学习,,hint_like_high,75-85,80,关联度较高,,unknown,0.50,
264,害怕,翻书找页,感情,,nonsense_low,0-7,2,毫无关联,,unknown,0.50,
265,害怕,起风了,感情,,nonsense_low,0-7,2,毫无关联,,unknown,0.50,
266,对接,驯熊师,工作,,cross_category_low,2-12,7,二者不搭界,,unknown,0.50,
267,对牛弹琴,唇亡齿寒,成语,,same_category_mid,25-35,30,都是成语，但关联度不高,,unknown,0.50,
268,对牛弹琴,掩耳盗铃,成语,,same_category_mid,25-35,30,都是成语，但关联度不高,,unknown,0.50,
269,对牛弹琴,画地为牢,成语,,same_category_mid,25-35,30,都是成语，但关联度不高,,unknown,0.50,
270,对齐,同步目标,工作,,hint_like_high,85-95,90,联想度高,,unknown,0.50,
271,对齐,瞎子点灯,工作,,cross_category_low,0-9,4,二者不搭界,,unknown,0.50,
272,寿司,粽子,美食,,same_category_mid,45-55,50,种类相同，词义不够接近,,unknown,0.50,
273,小年,小年,节日,,same_answer_exact,95-100,100,完全一样,,unknown,0.50,
274,小幸运,俯冲,歌曲,,cross_category_low,0-9,4,二者不搭界,,unknown,0.50,
275,小幸运,摆臂协调,歌曲,,nonsense_low,0-7,2,毫无关联,,unknown,0.50,
276,小暑,万圣节,节日,,same_category_mid,25-35,30,都是节日，但关联度不高,,unknown,0.50,
277,小暑,武林,节日,,nonsense_low,0-7,2,毫无关联,,unknown,0.50,
278,小溪,小溪,风景,,same_answer_exact,95-100,100,完全一样,,unknown,0.50,
279,小笼包,沙拉,美食,,same_category_mid,25-35,30,联想度低,,unknown,0.50,
280,小笼包,禁锢者,美食,,cross_category_low,2-12,7,二者不搭界,,unknown,0.50,
281,小葱拌豆腐,刻舟求剑,歇后语,,same_category_mid,25-35,30,关联度低,,unknown,0.50,
282,小葱拌豆腐,清清楚楚,歇后语,,hint_like_high,45-55,50,后者非歇后语,,unknown,0.50,
283,小行星,多碎石,宇宙,,hint_like_high,45-55,50,后者范围较广,,unknown,0.50,
284,小行星,愚者,宇宙,,cross_category_low,2-12,7,二者不搭界,,unknown,0.50,
285,小雪,舞狮,节日,,cross_category_low,2-12,7,二者不搭界,,unknown,0.50,
286,屈原,端午纪念,人物,,hint_like_high,85-95,90,关联度很高,,unknown,0.50,
287,屈原,诸葛亮,人物,,same_category_mid,25-35,30,都是历史人物，但关联度不高,,unknown,0.50,
288,山谷,底部冲刷,风景,,hint_like_high,45-55,50,底部接近，冲刷联想过弱,,unknown,0.50,
289,山谷,脚尖发力,风景,,nonsense_low,0-7,2,毫无关联,,unknown,0.50,
290,岳飞,李时珍,人物,,same_category_mid,35-45,40,都是历史人物，但关联度不高,,unknown,0.50,
291,工程,土木,学科,,hint_like_high,85-95,90,联想度很高,,unknown,0.50,
292,平静,冷淡,情感,,same_category_mid,25-35,30,都是情感，但关联度不高,,unknown,0.50,
293,幽游白书,伙伴,动漫,,hint_like_high,45-55,50,后者范围较广,,unknown,0.50,
294,幽游白书,战斗,动漫,,hint_like_high,45-55,50,后者范围较广,,unknown,0.50,
295,幽游白书,斗破苍穹,动漫,,same_category_mid,45-55,50,均为动漫，语义不同,,unknown,0.50,
296,应龙,飞天,神话,,hint_like_high,75-85,80,关联度较高,,unknown,0.50,
297,开心,惬意,感情,,same_category_mid,65-75,70,都是情感，但关联度高,,unknown,0.50,
298,弓步,稳住,动作,,hint_like_high,35-45,40,字面意思有关联。但很难联系那个动作,,unknown,0.50,
299,张信哲,张信哲,歌手,,same_answer_exact,95-100,100,完全一样,,unknown,0.50,
300,张信哲,立夏,歌手,,nonsense_low,0-7,2,毫无关联,,unknown,0.50,
301,张学友,张学友,歌手,,same_answer_exact,95-100,100,完全一样,,unknown,0.50,
302,张杰,王力宏,歌手,,same_category_mid,35-45,40,都是歌手，但关联度不高,,unknown,0.50,
303,张杰,答辩,歌手,,cross_category_low,2-12,7,二者不搭界,,unknown,0.50,
304,张良,悬崖,人物,,cross_category_low,2-12,7,二者不搭界,,unknown,0.50,
305,张衡,班固,人物,,same_category_mid,35-45,40,都是历史人物，但关联度不高,,unknown,0.50,
306,弹跳,弓步,动作,,same_category_mid,15-25,20,语义不同,,unknown,0.50,
307,弹跳,弹跳,动作,,same_answer_exact,95-100,100,完全一样,,unknown,0.50,
308,弹跳,盘腿,动作,,same_category_mid,15-25,20,二者不搭界,,unknown,0.50,
309,弹跳,站边后出手,动作,,nonsense_low,0-7,2,毫无关联,,unknown,0.50,
310,归纳,考试,学习,,same_category_mid,35-45,40,都是学习活动，但关联度不高,,unknown,0.50,
311,彩陶,评弹,文化,,same_category_mid,25-35,30,种类虽相同，但词义相差甚远,,unknown,0.50,
312,影子,一字千金,狼人杀,,cross_category_low,2-12,7,二者不搭界,,unknown,0.50,
313,徒步,一路走,旅游,,hint_like_high,65-75,70,关联度中等,,unknown,0.50,
314,徒步,徒步,旅游,,same_answer_exact,95-100,100,完全一样,,unknown,0.50,
315,心猿意马,浮躁,成语,,hint_like_high,65-75,70,语义较为接近,,unknown,0.50,
316,心理,心理,学科,,same_answer_exact,95-100,100,完全一样,,unknown,0.50,
317,心疼,柳宗元,情感,,cross_category_low,2-12,7,二者不搭界,,unknown,0.50,
318,心酸,涩涩,情感,,hint_like_high,45-55,50,后者范围较广,,unknown,0.50,
319,心酸,释怀,情感,,same_category_mid,25-35,30,语义不同,,unknown,0.50,
320,忐忑,战绩,感情,,cross_category_low,2-12,7,二者不搭界,,unknown,0.50,
321,忐忑,群起围堵,感情,,nonsense_low,0-7,2,毫无关联,,unknown,0.50,
322,悬崖,古镇,风景,,same_category_mid,25-35,30,都是风景，但关联度不高,,unknown,0.50,
323,悬梁刺股,悬梁刺股,典故,,same_answer_exact,95-100,100,完全一样,,unknown,0.50,
324,悬梁刺股,旋律,典故,,nonsense_low,0-7,2,毫无关联,,unknown,0.50,
325,悬梁刺股,梯田,典故,,nonsense_low,0-7,2,毫无关联,,unknown,0.50,
326,悲伤,温馨,感情,,same_category_mid,25-35,30,关联度底,,unknown,0.50,
327,悲伤,碑刻,感情,,cross_category_low,2-12,7,二者不搭界,,unknown,0.50,
328,惆怅,惬意,情感,,same_category_mid,25-35,30,语义不同,,unknown,0.50,
329,惆怅,防带走,感情,,nonsense_low,0-7,2,毫无关联,,unknown,0.50,
330,惊喜,猝不及防,情感,,hint_like_high,35-45,40,惊喜包含猝不及防但后者关联度确实不高,,unknown,0.50,
331,惊蛰,节气点,节日,,hint_like_high,65-75,70,节气点包含在节日中,,unknown,0.50,
332,惊蛰,轮岗,节日,,cross_category_low,2-12,7,二者不搭界,,unknown,0.50,
333,惋惜,铁公鸡,情感,,cross_category_low,2-12,7,二者不搭界,,unknown,0.50,
334,惬意,草船借箭,感情,,cross_category_low,15-25,20,语义不同,,unknown,0.50,
335,感动,感动,情感,,same_answer_exact,95-100,100,完全一样,,unknown,0.50,
336,愤怒,烦躁,感情,,same_category_mid,25-35,30,语义不同,,unknown,0.50,
337,愤懑,敬佩,情感,,same_category_mid,25-35,30,关联度底,,unknown,0.50,
338,懊悔,果汁,感情,,nonsense_low,0-7,2,毫无关联,,unknown,0.50,
339,懊悔,自豪,感情,,same_category_mid,25-35,30,都是情感，但关联度不高,,unknown,0.50,
340,懊悔,自责,感情,,hint_like_high,75-85,80,感情接近,,unknown,0.50,
341,戏曲,皮影,文化,,same_category_mid,35-45,40,都是历史文化，但关联度不高,,unknown,0.50,
342,戏曲,票友捧场,文化,,hint_like_high,45-55,50,后者范围较广,,unknown,0.50,
343,手柄,大禹,游戏,,nonsense_low,0-7,2,毫无关联,,unknown,0.50,
344,打扫,装修,生活,,same_category_mid,15-25,20,二者关联度低,,unknown,0.50,
345,技能,策略,游戏,,same_category_mid,15-25,20,关联度低,,unknown,0.50,
346,投笔从戎,奔赴战场,典故,,hint_like_high,65-75,70,后者没有描述到投笔的含义,,unknown,0.50,
347,投笔从戎,扫描,典故,,nonsense_low,0-7,2,毫无关联,,unknown,0.50,
348,抬头,抬头,动作,,same_answer_exact,95-100,100,完全一样,,unknown,0.50,
349,抬头,柜台,动作,,nonsense_low,0-7,2,毫无关联,,unknown,0.50,
350,抬头,点头,动作,,same_category_mid,15-25,20,语义不同,,unknown,0.50,
351,担忧,左右摆,情感,,nonsense_low,0-7,2,毫无关联,,unknown,0.50,
352,拉怪,以卵击石,游戏,,cross_category_low,0-10,5,二者不搭界,,unknown,0.50,
353,拉怪,伸手,游戏,,cross_category_low,2-12,7,二者不搭界,,unknown,0.50,
354,拍景,看展,旅游,,same_category_mid,15-25,20,语义不同,,unknown,0.50,
355,拍照,免税,旅游,,same_category_mid,15-25,20,语义不同,,unknown,0.50,
356,拍照,拍照,旅游,,same_answer_exact,95-100,100,完全一样,,unknown,0.50,
357,拍照,泡汤,旅游,,same_category_mid,15-25,20,语义不同,,unknown,0.50,
358,拍照,行李,旅游,,same_category_mid,15-25,20,语义不同,,unknown,0.50,
359,拓印,石文摹写,文化,,hint_like_high,75-85,80,关联度较高,,unknown,0.50,
360,指鹿为马,伎俩耗尽,典故,,nonsense_low,0-7,2,毫无关联,,unknown,0.50,
361,指鹿为马,强词夺理,典故,,hint_like_high,65-75,70,前者具体事件，后者解释而已,,unknown,0.50,
362,按兵不动,按兵不动,成语,,same_answer_exact,95-100,100,完全一样,,unknown,0.50,
363,按部就班,画地为牢,成语,,same_category_mid,25-35,30,都是成语，但关联度不高,,unknown,0.50,
364,挑灯夜战,挑灯夜战,成语,,same_answer_exact,95-100,100,完全一样,,unknown,0.50,
365,挑灯夜战,熬到很晚,成语,,hint_like_high,75-85,80,意思接近但后者非成语,,unknown,0.50,
366,挑灯夜战,通宵赶工,成语,,hint_like_high,65-75,70,字面意思接近,,unknown,0.50,
367,挟天子,掌控象征,典故,,hint_like_high,45-55,50,接近但不高,,unknown,0.50,
368,挤压,缩体积,动作,,hint_like_high,65-75,70,后者过于口语化,,unknown,0.50,
369,挥手,仙桃宴,动作,,nonsense_low,0-7,2,毫无关联,,unknown,0.50,
370,挥手,抬前臂,动作,,hint_like_high,85-95,90,意思接近,,unknown,0.50,
371,挥拳,挥拳,动作,,same_answer_exact,95-100,100,完全一样,,unknown,0.50,
372,挥拳,连线图,动作,,nonsense_low,0-7,2,毫无关联,,unknown,0.50,
373,掉线,连接断,游戏,,hint_like_high,75-85,80,关联度较高,,unknown,0.50,
374,掉落,许嵩,游戏,,cross_category_low,2-12,7,二者不搭界,,unknown,0.50,
375,排期,草堂,工作,,nonsense_low,0-7,2,毫无关联,,unknown,0.50,
376,排查,异常点,工作,,hint_like_high,65-75,70,有先后顺序,,unknown,0.50,
377,排查,找问题,工作,,hint_like_high,85-95,90,联想度很高,,unknown,0.50,
378,排查,校准方向,工作,,nonsense_low,0-7,2,毫无关联,,unknown,0.50,
379,排球少年,熬到很晚,动漫,,nonsense_low,0-7,2,毫无关联,,unknown,0.50,
380,排球少年,犬夜叉,动漫,动漫,hard_negative_low,10-20,15,failed_top1_confusion,hard_negative_miner_v1,auto_miner,0.55,
381,排球少年,罗小黑战记,动漫,动漫,hard_negative_low,10-20,15,failed_top3_confusion_rank2,hard_negative_miner_v1,auto_miner,0.55,
382,排球少年,虹猫蓝兔,动漫,动漫,related_mid,63-73,68,failed_top3_confusion_rank3,suggested_relabel_ab_v1,auto_relabel,0.80,
383,探图,探图,游戏,,same_answer_exact,95-100,100,完全一样,,unknown,0.50,
384,提问,澄清疑惑,学习,,hint_like_high,45-55,50,行为不同,,unknown,0.50,
385,收拾,丢垃圾,生活,,same_category_mid,65-75,70,关联度较高,,unknown,0.50,
386,收拾,午休,生活,,same_category_mid,15-25,20,语义不同,,unknown,0.50,
387,收拾,收拾,生活,,same_answer_exact,95-100,100,完全一样,,unknown,0.50,
388,收拾,租房,生活,,same_category_mid,15-25,20,语义不同,,unknown,0.50,
389,教程,公会,游戏,,same_category_mid,35-45,40,都是游戏，但关联度不高,,unknown,0.50,
390,教程,运动,游戏,,nonsense_low,0-7,2,毫无关联,,unknown,0.50,
391,教育,师生,学科,,hint_like_high,45-55,50,教育包含师生但后者只是前者的一个方面,,unknown,0.50,
392,敬佩,老马识途,情感,,cross_category_low,5-15,10,二者不搭界,,unknown,0.50,
393,数学,方程求解,学科,,hint_like_high,80-90,85,后者根据学科内容较容易联想到答案,,unknown,0.50,
394,数学,生态,学科,,same_category_mid,35-45,40,都是学科，但关联度不高,,unknown,0.50,
395,数学,粽香,学科,,nonsense_low,0-7,2,毫无关联,,unknown,0.50,
396,数码宝贝,刀剑神域,动漫,动漫,related_mid,63-73,68,failed_top3_confusion_rank3,suggested_relabel_ab_v1,auto_relabel,0.80,
397,数码宝贝,数码宝贝,动漫,,same_answer_exact,95-100,100,完全一样,,unknown,0.50,
398,数码宝贝,虹猫蓝兔,动漫,动漫,hard_negative_low,10-20,15,failed_top1_confusion,hard_negative_miner_v1,auto_miner,0.55,
399,数码宝贝,进击的巨人,动漫,动漫,related_mid,63-73,68,failed_top3_confusion_rank2,suggested_relabel_ab_v1,auto_relabel,0.80,
400,整理,整理,学习,,same_answer_exact,95-100,100,完全一样,,unknown,0.50,
401,文天祥,丹心,人物,,hint_like_high,85-95,90,人物著作中提到丹心，关联度较高,,unknown,0.50,
402,文学,小说戏剧,学科,,hint_like_high,65-75,70,前者是后者的一个分支，关联度较高,,unknown,0.50,
403,斗破苍穹,热带,动漫,,nonsense_low,0-7,2,毫无关联,,unknown,0.50,
404,斗破苍穹,白蛇缘起,动漫,动漫,hard_negative_low,10-20,15,failed_top1_confusion,hard_negative_miner_v1,auto_miner,0.55,
405,斗破苍穹,虹猫蓝兔,动漫,动漫,related_mid,63-73,68,failed_top3_confusion_rank2,suggested_relabel_ab_v1,auto_relabel,0.80,
406,斗破苍穹,青之驱魔师,动漫,动漫,related_mid,63-73,68,failed_top3_confusion_rank3,suggested_relabel_ab_v1,auto_relabel,0.80,
407,斗罗大陆,修炼,动漫,,hint_like_high,65-75,70,包含关系,,unknown,0.50,
408,斗罗大陆,刀剑神域,动漫,动漫,related_mid,63-73,68,failed_top1_confusion,suggested_relabel_ab_v1,auto_relabel,0.80,
409,斗罗大陆,成长,动漫,,hint_like_high,45-55,50,后者范围较广,,unknown,0.50,
410,斗罗大陆,武魂,动漫,,hint_like_high,65-75,70,都为动漫,,unknown,0.50,
411,斗罗大陆,死神,动漫,,same_category_mid,45-55,50,关联度中等,,unknown,0.50,
412,斗罗大陆,罗小黑战记,动漫,动漫,related_mid,63-73,68,failed_top3_confusion_rank3,suggested_relabel_ab_v1,auto_relabel,0.80,
413,斗罗大陆,虹猫蓝兔,动漫,动漫,related_mid,63-73,68,failed_top3_confusion_rank2,suggested_relabel_ab_v1,auto_relabel,0.80,
414,新手,丘比特,游戏,,cross_category_low,2-12,7,二者不搭界,,unknown,0.50,
415,方案,剪纸,工作,,cross_category_low,0-9,4,二者不搭界,,unknown,0.50,
416,方案,摘记,工作,,nonsense_low,0-7,2,毫无关联,,unknown,0.50,
417,日出,日出,风景,,same_answer_exact,95-100,100,完全一样,,unknown,0.50,
418,日出,玄鸟,风景,,cross_category_low,2-12,7,二者不搭界,,unknown,0.50,
419,日报,每天写,工作,,hint_like_high,65-75,70,关联度接近,,unknown,0.50,
420,日报,瞎子点灯,工作,,cross_category_low,2-12,7,二者不搭界,,unknown,0.50,
421,日食,腰间小圆,宇宙,,nonsense_low,0-7,2,毫无关联,,unknown,0.50,
422,早起,先洗漱,生活,,hint_like_high,55-65,60,关联度中等,,unknown,0.50,
423,早起,引力波,生活,,cross_category_low,2-12,7,二者不搭界,,unknown,0.50,
424,星座,造型表现,宇宙,,nonsense_low,0-7,2,毫无关联,,unknown,0.50,
425,星游记,妖精尾巴,动漫,动漫,related_mid,63-73,68,failed_top1_confusion,suggested_relabel_ab_v1,auto_relabel,0.80,
426,星游记,数码宝贝,动漫,动漫,near_synonym_high,77-87,82,failed_top3_confusion_rank2,suggested_relabel_ab_v1,auto_relabel,0.80,
427,星游记,海贼王,动漫,动漫,hard_negative_low,10-20,15,failed_top3_confusion_rank3,hard_negative_miner_v1,auto_miner,0.55,
428,星游记,礁石,动漫,,cross_category_low,2-12,7,二者不搭界,,unknown,0.50,
429,星球,表面坑,宇宙,,hint_like_high,45-55,50,表面坑包含在星球中但关联度不高,,unknown,0.50,
430,晚睡,小行星,生活,,cross_category_low,0-10,5,二者不搭界,,unknown,0.50,
431,晚霞,云层晕彩,风景,,hint_like_high,65-75,70,关联度中等,,unknown,0.50,
432,晴天,平凡之路,歌曲,,same_category_mid,15-25,20,都为歌曲，但联想度很低,,unknown,0.50,
433,晾晒,亡羊补牢,生活,,cross_category_low,2-12,7,二者不搭界,,unknown,0.50,
434,暗能量,占比高,宇宙,,hint_like_high,25-35,30,关联度不高,,unknown,0.50,
435,暴击,晚睡,游戏,,cross_category_low,1-11,6,二者不搭界,,unknown,0.50,
436,月球,惊喜,宇宙,,cross_category_low,4-14,9,二者不搭界,,unknown,0.50,
437,月食,柔美唱腔,宇宙,,nonsense_low,0-7,2,毫无关联,,unknown,0.50,
438,月食,流星雨,宇宙,,same_category_mid,35-45,40,都是宇宙相关，但关联度不高,,unknown,0.50,
439,月饼,热切,美食,,cross_category_low,2-12,7,二者不搭界,,unknown,0.50,
440,朗读,化学,学习,,cross_category_low,15-25,20,语义不同,,unknown,0.50,
441,朗读,挤压,学习,,cross_category_low,2-12,7,二者不搭界,,unknown,0.50,
442,望梅止渴,想象安慰,典故,,hint_like_high,45-55,50,后者范围较广,,unknown,0.50,
443,望远镜,天文器,宇宙,,hint_like_high,55-65,60,包含关系,,unknown,0.50,
444,木星,火星,宇宙,,same_category_mid,35-45,40,都是宇宙相关，但关联度不高,,unknown,0.50,
445,未闻花名,咒术回战,动漫,动漫,hard_negative_low,10-20,15,failed_top3_confusion_rank3,hard_negative_miner_v1,auto_miner,0.55,
446,未闻花名,画江湖,动漫,动漫,hard_negative_low,10-20,15,failed_top3_confusion_rank2,hard_negative_miner_v1,auto_miner,0.55,
447,未闻花名,银魂,动漫,动漫,hard_negative_low,10-20,15,failed_top1_confusion,hard_negative_miner_v1,auto_miner,0.55,
448,朱雀,清风穿行,神话,,nonsense_low,0-7,2,毫无关联,,unknown,0.50,
449,李时珍,资治通鉴,人物,,nonsense_low,0-7,2,毫无关联,,unknown,0.50,
450,李清照,秦始皇,人物,,same_category_mid,35-45,40,都是历史人物，但关联度不高,,unknown,0.50,
451,李白,混血儿,人物,,cross_category_low,5-15,10,二者不搭界,,unknown,0.50,
452,材料,材料,学科,,same_answer_exact,95-100,100,完全一样,,unknown,0.50,
453,村民,影子,狼人杀,,same_category_mid,65-75,70,都为狼人杀，范围接近,,unknown,0.50,
454,杨千嬅,林俊杰,歌手,,same_category_mid,35-45,40,都是歌手，但关联度不高,,unknown,0.50,
455,杨戬,劈山救母,神话,,hint_like_high,75-85,80,后者为前者具体事迹,,unknown,0.50,
456,杨戬,神将,神话,,hint_like_high,55-65,60,包含关系,,unknown,0.50,
457,杯弓蛇影,恐慌由假,成语,,hint_like_high,65-75,70,意思接近,,unknown,0.50,
458,杯水车薪,杯水车薪,歇后语,,same_answer_exact,95-100,100,完全一样,,unknown,0.50,
459,杯水车薪,母子转变,歇后语,,nonsense_low,0-7,2,毫无关联,,unknown,0.50,
460,杯水车薪,编钟,歇后语,,cross_category_low,5-15,10,二者不搭界,,unknown,0.50,
461,极光,函谷关,风景,,nonsense_low,0-7,2,毫无关联,,unknown,0.50,
462,极光,极光,风景,,same_answer_exact,95-100,100,完全一样,,unknown,0.50,
463,林俊杰,舞台,歌手,,hint_like_high,45-55,50,后者范围较广,,unknown,0.50,
464,林俊杰,超新星,歌手,,cross_category_low,2-12,7,二者不搭界,,unknown,0.50,
465,林黛玉,挟天子,人物,,cross_category_low,2-12,7,二者不搭界,,unknown,0.50,
466,果汁,判定,美食,,nonsense_low,0-7,2,毫无关联,,unknown,0.50,
467,果汁,协同,美食,,cross_category_low,2-12,7,二者不搭界,,unknown,0.50,
468,果汁,果汁,美食,,same_answer_exact,95-100,100,完全一样,,unknown,0.50,
469,查阅,检索文献,学习,,hint_like_high,75-85,80,关联度较高,,unknown,0.50,
470,柳宗元,关羽,人物,,same_category_mid,15-25,20,都为名人，二者关联度低,,unknown,0.50,
471,柳宗元,叙事,人物,,nonsense_low,0-7,2,毫无关联,,unknown,0.50,
472,柳宗元,柳宗元,人物,,same_answer_exact,95-100,100,完全一样,,unknown,0.50,
473,梁静茹,情歌,歌手,,hint_like_high,45-55,50,关联度中等,,unknown,0.50,
474,梯田,梯田,风景,,same_answer_exact,95-100,100,完全一样,,unknown,0.50,
475,森林,草甸,风景,,same_category_mid,25-35,30,都是风景，但关联度不高,,unknown,0.50,
476,植物,无顾虑,学科,,nonsense_low,0-7,2,毫无关联,,unknown,0.50,
477,植物,生态,学科,,same_category_mid,35-45,40,关联度中等,,unknown,0.50,
478,楹联,相声,文化,,same_category_mid,45-55,50,种类相同,,unknown,0.50,
479,模拟,提前熟悉,学习,,hint_like_high,45-55,50,关联度中等,,unknown,0.50,
480,樱桃小丸子,魔女宅急便,动漫,,same_category_mid,45-55,50,关联度中等,,unknown,0.50,
481,欣喜,批改,情感,,cross_category_low,2-12,7,二者不搭界,,unknown,0.50,
482,欣喜,郁闷,情感,,same_category_mid,15-25,20,都快反义词了,,unknown,0.50,
483,欣慰,经济,感情,,cross_category_low,2-12,7,二者不搭界,,unknown,0.50,
484,欣赏,小年,情感,,cross_category_low,2-12,7,二者不搭界,,unknown,0.50,
485,欣赏,欣慰,情感,,same_category_mid,55-65,60,有相同的字但意思不对,,unknown,0.50,
486,死神,全职高手,动漫,,same_category_mid,45-55,50,均为动漫，语义不同,,unknown,0.50,
487,死神,虹猫蓝兔,动漫,动漫,hard_negative_low,10-20,15,failed_top1_confusion,hard_negative_miner_v1,auto_miner,0.55,
488,死神,青之驱魔师,动漫,动漫,hard_negative_low,10-20,15,failed_top3_confusion_rank3,hard_negative_miner_v1,auto_miner,0.55,
489,死神,鬼灭之刃,动漫,动漫,near_synonym_high,77-87,82,failed_top3_confusion_rank2,suggested_relabel_ab_v1,auto_relabel,0.80,
490,毛不易,创作,歌手,,hint_like_high,55-65,60,后者范围过大,,unknown,0.50,
491,毛遂自荐,单刀赴会,典故,,same_category_mid,15-25,20,关联度低,,unknown,0.50,
492,气候,你是猪,学科,,nonsense_low,0-7,2,毫无关联,,unknown,0.50,
493,气象,卤味,学科,,nonsense_low,0-7,2,毫无关联,,unknown,0.50,
494,汉堡,京剧,美食,,cross_category_low,2-12,7,二者不搭界,,unknown,0.50,
495,汤圆,稻田,美食,,cross_category_low,0-9,4,二者不搭界,,unknown,0.50,
496,汤圆,饺子,美食,,same_category_mid,65-75,70,关联度较高,,unknown,0.50,
497,沙拉,果汁,美食,,same_category_mid,25-35,30,都是吃的，仅此而已,,unknown,0.50,
498,沙拉,近乎无物,美食,,nonsense_low,0-7,2,毫无关联,,unknown,0.50,
499,河伯,神农,神话,,same_category_mid,55-65,60,都是神话，但关联度不高,,unknown,0.50,
500,油菜花,一片黄,风景,,hint_like_high,45-55,50,后者范围较广,,unknown,0.50,
501,法学,法学,学科,,same_answer_exact,95-100,100,完全一样,,unknown,0.50,
502,泡汤,室外池边,旅游,,hint_like_high,55-65,60,后者范围有点大,,unknown,0.50,
503,泡澡,热水,生活,,hint_like_high,75-85,80,较为接近,,unknown,0.50,
504,泡芙,泡芙,美食,,same_answer_exact,95-100,100,完全一样,,unknown,0.50,
505,泥菩萨过,兔子尾巴,歇后语,,nonsense_low,0-7,2,毫无关联,,unknown,0.50,
506,洗漱,樱桃小丸子,生活,,cross_category_low,2-12,7,二者不搭界,,unknown,0.50,
507,洗碗,面霜,生活,,nonsense_low,0-7,2,毫无关联,,unknown,0.50,
508,流星雨,陨石,宇宙,,same_category_mid,55-65,60,关联度中等,,unknown,0.50,
509,测绘,测绘,学科,,same_answer_exact,95-100,100,完全一样,,unknown,0.50,
510,海岸,溪流,风景,,same_category_mid,25-35,30,都有水，总体关联度不高,,unknown,0.50,
511,海洋,潮汐,学科,,hint_like_high,65-75,70,关联度中等,,unknown,0.50,
512,海湾,雾气起,风景,,nonsense_low,0-7,2,毫无关联,,unknown,0.50,
513,海贼王,大鱼海棠,动漫,动漫,related_mid,63-73,68,failed_top1_confusion,suggested_relabel_ab_v1,auto_relabel,0.80,
514,海贼王,数码宝贝,动漫,动漫,near_synonym_high,77-87,82,failed_top3_confusion_rank2,suggested_relabel_ab_v1,auto_relabel,0.80,
515,淋浴,淋浴,生活,,same_answer_exact,95-100,100,完全一样,,unknown,0.50,
516,混血儿,可变阵营,狼人杀,,hint_like_high,85-95,90,很接近,,unknown,0.50,
517,温柔,感动,情感,,same_category_mid,25-35,30,关联度底,,unknown,0.50,
518,温馨,依恋,感情,,cross_category_low,2-12,7,二者不搭界,,unknown,0.50,
519,游戏王,农学,动漫,,cross_category_low,2-12,7,二者不搭界,,unknown,0.50,
520,游戏王,白蛇缘起,动漫,动漫,hard_negative_low,10-20,15,failed_top3_confusion_rank2,hard_negative_miner_v1,auto_miner,0.55,
521,游戏王,罗小黑战记,动漫,动漫,hard_negative_low,10-20,15,failed_top1_confusion,hard_negative_miner_v1,auto_miner,0.55,
522,游戏王,虹猫蓝兔,动漫,动漫,hard_negative_low,10-20,15,failed_top3_confusion_rank3,hard_negative_miner_v1,auto_miner,0.55,
523,湖泊,群山环抱,风景,,hint_like_high,25-35,30,群山环抱的未必是湖泊,,unknown,0.50,
524,湖畔,湖畔,风景,,same_answer_exact,95-100,100,完全一样,,unknown,0.50,
525,溪流,冰川,风景,,same_category_mid,25-35,30,都是风景，但关联度不高,,unknown,0.50,
526,溪流,湖泊,风景,,same_category_mid,25-35,30,都是风景，但关联度不高,,unknown,0.50,
527,溪流,稻田,风景,,same_category_mid,15-25,20,都是风景，但关联度不高,,unknown,0.50,
528,滥竽充数,复活,成语,,nonsense_low,0-7,2,毫无关联,,unknown,0.50,
529,漫步,巷子穿行,旅游,,hint_like_high,45-55,50,关联度中等,,unknown,0.50,
530,潜伏,滑行,动作,,same_category_mid,15-25,20,语义不同,,unknown,0.50,
531,潜伏,等时机,动作,,hint_like_high,75-85,80,关联度较高,,unknown,0.50,
532,潜狼,瞎子点灯,狼人杀,,cross_category_low,2-12,7,二者不搭界,,unknown,0.50,
533,激动,兴奋,感情,,hint_like_high,65-75,70,近义词,,unknown,0.50,
534,激动,阻力小,感情,,nonsense_low,0-7,2,毫无关联,,unknown,0.50,
535,灌篮高手,夏目友人帐,动漫,,same_category_mid,45-55,50,关联度中等,,unknown,0.50,
536,灌篮高手,海贼王,动漫,动漫,hard_negative_low,10-20,15,failed_top3_confusion_rank2,hard_negative_miner_v1,auto_miner,0.55,
537,灌篮高手,灌篮高手,动漫,,same_answer_exact,95-100,100,完全一样,,unknown,0.50,
538,灌篮高手,罗小黑战记,动漫,动漫,hard_negative_low,10-20,15,failed_top1_confusion,hard_negative_miner_v1,auto_miner,0.55,
539,火影,虹猫蓝兔,动漫,动漫,related_mid,63-73,68,failed_top1_confusion,suggested_relabel_ab_v1,auto_relabel,0.80,
540,火影,进击的巨人,动漫,动漫,related_mid,63-73,68,failed_top3_confusion_rank2,suggested_relabel_ab_v1,auto_relabel,0.80,
541,火影,龙猫,动漫,动漫,hard_negative_low,10-20,15,failed_top3_confusion_rank3,hard_negative_miner_v1,auto_miner,0.55,
542,火星,金星,宇宙,,same_category_mid,35-45,40,都是宇宙相关，但关联度不高,,unknown,0.50,
543,火锅,咖喱,美食,,same_category_mid,25-35,30,都是吃的，仅此而已,,unknown,0.50,
544,火锅,按部就班,美食,,cross_category_low,2-12,7,二者不搭界,,unknown,0.50,
545,灯谜,元宵娱乐,文化,,hint_like_high,65-75,70,包含关系,,unknown,0.50,
546,灯谜,泪成珠,文化,,nonsense_low,0-7,2,毫无关联,,unknown,0.50,
547,灵笼,天空之城,动漫,,same_category_mid,45-55,50,关联度中等,,unknown,0.50,
548,灵笼,灵笼,动漫,,same_answer_exact,95-100,100,完全一样,,unknown,0.50,
549,灵笼,犬夜叉,动漫,动漫,hard_negative_low,10-20,15,failed_top3_confusion_rank3,hard_negative_miner_v1,auto_miner,0.55,
550,灵笼,虹猫蓝兔,动漫,动漫,hard_negative_low,10-20,15,failed_top1_confusion,hard_negative_miner_v1,auto_miner,0.55,
551,灵笼,鬼灭之刃,动漫,动漫,hard_negative_low,10-20,15,failed_top3_confusion_rank2,hard_negative_miner_v1,auto_miner,0.55,
552,炸鸡,烤鸭,美食,,same_category_mid,65-75,70,种类相同,,unknown,0.50,
553,烤鱼,粥品,美食,,same_category_mid,25-35,30,都是吃的，仅此而已,,unknown,0.50,
554,烤鱼,陶器,美食,,cross_category_low,2-12,7,二者不搭界,,unknown,0.50,
555,烦闷,依恋,情感,,same_category_mid,25-35,30,都是情感，但关联度不高,,unknown,0.50,
556,烦闷,心酸,情感,,same_category_mid,25-35,30,语义不同,,unknown,0.50,
557,烧饼,外脆内软,美食,,hint_like_high,55-65,60,后者范围过大,,unknown,0.50,
558,热切,断绝退路,情感,,nonsense_low,0-7,2,毫无关联,,unknown,0.50,
559,煎饼,甜品,美食,,same_category_mid,25-35,30,都是吃的，仅此而已,,unknown,0.50,
560,熊出没,牺牲,动漫,,nonsense_low,0-7,2,毫无关联,,unknown,0.50,
561,熊出没,罗小黑战记,动漫,动漫,hard_negative_low,10-20,15,failed_top3_confusion_rank2,hard_negative_miner_v1,auto_miner,0.55,
562,熊出没,龙猫,动漫,动漫,hard_negative_low,10-20,15,failed_top1_confusion,hard_negative_miner_v1,auto_miner,0.55,
563,熬夜,晒衣,生活,,same_category_mid,15-25,20,语义不同,,unknown,0.50,
564,熬夜,次日困,生活,,hint_like_high,65-75,70,二者有先后顺序,,unknown,0.50,
565,熬夜,网购,生活,,same_category_mid,15-25,20,关联度低,,unknown,0.50,
566,父亲节,任务,节日,,nonsense_low,0-7,2,毫无关联,,unknown,0.50,
567,父亲节,哑巴吃黄连,节日,,cross_category_low,2-12,7,二者不搭界,,unknown,0.50,
568,犬夜叉,破魔,动漫,,hint_like_high,75-85,80,易于联想,,unknown,0.50,
569,犬夜叉,虹猫蓝兔,动漫,动漫,near_synonym_high,77-87,82,failed_top1_confusion,suggested_relabel_ab_v1,auto_relabel,0.80,
570,犬夜叉,青之驱魔师,动漫,动漫,related_mid,63-73,68,failed_top3_confusion_rank3,suggested_relabel_ab_v1,auto_relabel,0.80,
571,犬夜叉,鬼灭之刃,动漫,动漫,related_mid,63-73,68,failed_top3_confusion_rank2,suggested_relabel_ab_v1,auto_relabel,0.80,
572,狐妖小红娘,搞笑,动漫,,hint_like_high,25-35,30,关联度不高,,unknown,0.50,
573,狐妖小红娘,白蛇缘起,动漫,动漫,hard_negative_low,10-20,15,failed_top1_confusion,hard_negative_miner_v1,auto_miner,0.55,
574,狐妖小红娘,虹猫蓝兔,动漫,动漫,related_mid,63-73,68,failed_top3_confusion_rank3,suggested_relabel_ab_v1,auto_relabel,0.80,
575,狐妖小红娘,银魂,动漫,,same_category_mid,45-55,50,关联度中等,,unknown,0.50,
576,狐妖小红娘,青之驱魔师,动漫,动漫,hard_negative_low,10-20,15,failed_top3_confusion_rank2,hard_negative_miner_v1,auto_miner,0.55,
577,狗咬吕洞宾,狗咬吕洞宾,歇后语,,same_answer_exact,95-100,100,完全一样,,unknown,0.50,
578,狗咬吕洞宾,猎魔人,歇后语,,cross_category_low,2-12,7,二者不搭界,,unknown,0.50,
579,狼王,强换,狼人杀,,hint_like_high,45-55,50,感觉后者根据前者分析的结果，而不是后者猜测前者,,unknown,0.50,
580,狼王,行当,狼人杀,,nonsense_low,0-7,2,毫无关联,,unknown,0.50,
581,狼美人,绑线,狼人杀,,hint_like_high,15-25,20,连人更合适，绑线狼人杀没听说,,unknown,0.50,
582,狼骑士,徒劳幻想,狼人杀,,nonsense_low,0-7,2,毫无关联,,unknown,0.50,
583,狼骑士,无一落空,狼人杀,,nonsense_low,0-7,2,毫无关联,,unknown,0.50,
584,猎魔人,机械狼,狼人杀,,same_category_mid,65-75,70,都为狼人杀，范围接近,,unknown,0.50,
585,猎魔人,梦魇,狼人杀,,same_category_mid,65-75,70,都为狼人杀，范围接近,,unknown,0.50,
586,猪八戒照镜,夹在中间,歇后语,,hint_like_high,65-75,70,语义较为接近，但后者非歇后语,,unknown,0.50,
587,猪八戒照镜,执干戚,歇后语,,nonsense_low,0-7,2,毫无关联,,unknown,0.50,
588,猪八戒照镜,瓜田李下,歇后语,,same_category_mid,15-25,20,语义不同,,unknown,0.50,
589,猪八戒照镜,进退失据,歇后语,,hint_like_high,75-85,80,字面意思接近，但后者非歇后语,,unknown,0.50,
590,玄武,黑色,神话,,hint_like_high,45-55,50,玄武是四象之一，代表北方和水，虽然常被描绘为黑色，但并非其唯一特征，,,unknown,0.50,
591,玄鸟,分明清楚,神话,,nonsense_low,0-7,2,毫无关联,,unknown,0.50,
592,王安石,李时珍,人物,,same_category_mid,35-45,40,都是历史人物，但关联度不高,,unknown,0.50,
593,王安石,王安石,人物,,same_answer_exact,95-100,100,完全一样,,unknown,0.50,
594,王安石,青之驱魔师,人物,,cross_category_low,2-12,7,二者不搭界,,unknown,0.50,
595,班固,史书,人物,,hint_like_high,75-85,80,后者为事迹，但不单属于前者,,unknown,0.50,
596,理发,做饭,生活,,same_category_mid,15-25,20,都是生活活动，但关联度不高,,unknown,0.50,
597,理发,围布,生活,,hint_like_high,45-55,50,理发包含围布但后者只是前者的一个方面,,unknown,0.50,
598,理发,步行区,生活,,nonsense_low,0-7,2,毫无关联,,unknown,0.50,
599,理发,淋浴,生活,,same_category_mid,5-15,10,完全猜不到,,unknown,0.50,
600,理发,理发,生活,,same_answer_exact,95-100,100,完全一样,,unknown,0.50,
601,理财,洗衣,生活,,same_category_mid,5-15,10,二者完全不搭界,,unknown,0.50,
602,瓜田李下,老鼠过街,歇后语,,same_category_mid,25-35,30,都是歇后语，但关联度不高,,unknown,0.50,
603,生态,圣诞,学科,,cross_category_low,2-12,7,二者不搭界,,unknown,0.50,
604,生物,地理,学科,,same_category_mid,45-55,50,关联度中等,,unknown,0.50,
605,生物,梦魇,学科,,cross_category_low,2-12,7,二者不搭界,,unknown,0.50,
606,画地为牢,自我束缚,成语,,hint_like_high,75-85,80,关联度较高,,unknown,0.50,
607,画江湖,早晨,动漫,,nonsense_low,0-7,2,毫无关联,,unknown,0.50,
608,画蛇添足,适得其反,成语,,hint_like_high,65-75,70,仅字面意思接近,,unknown,0.50,
609,画龙点睛,画地为牢,成语,,same_category_mid,25-35,30,都是成语，但关联度不高,,unknown,0.50,
610,疑惑,小幸运,情感,,cross_category_low,2-12,7,二者不搭界,,unknown,0.50,
611,疲惫,杨千嬅,感情,,cross_category_low,2-12,7,二者不搭界,,unknown,0.50,
612,白居易,张衡,人物,,same_category_mid,35-45,40,都是历史人物，但关联度不高,,unknown,0.50,
613,白泽,鲲鹏,神话,,same_category_mid,55-65,60,都是神话，但关联度不高,,unknown,0.50,
614,白狼王,邪灵,狼人杀,,nonsense_low,0-7,2,毫无关联,,unknown,0.50,
615,白狼王,鲛人,狼人杀,,cross_category_low,2-12,7,二者不搭界,,unknown,0.50,
616,白虎,玄女,神话,,same_category_mid,55-65,60,都是神话，但关联度不高,,unknown,0.50,
617,白蛇缘起,敬佩,动漫,,cross_category_low,2-12,7,二者不搭界,,unknown,0.50,
618,白蛇缘起,虹猫蓝兔,动漫,动漫,related_mid,63-73,68,failed_top1_confusion,suggested_relabel_ab_v1,auto_relabel,0.80,
619,白蛇缘起,青之驱魔师,动漫,动漫,near_synonym_high,77-87,82,failed_top3_confusion_rank2,suggested_relabel_ab_v1,auto_relabel,0.80,
620,白露,地表湿,节日,,hint_like_high,75-85,80,意思接近但后者非节日,,unknown,0.50,
621,白露,白露,节日,,same_answer_exact,95-100,100,完全一样,,unknown,0.50,
622,百发百中,手感准,成语,,hint_like_high,65-75,70,字面意思接近,,unknown,0.50,
623,皮影,幕后操偶,文化,,hint_like_high,75-85,80,较为接近,,unknown,0.50,
624,皮影,春分,文化,,cross_category_low,2-12,7,二者不搭界,,unknown,0.50,
625,皮肤,皮肤,游戏,,same_answer_exact,95-100,100,完全一样,,unknown,0.50,
626,皮雕,现场呈现,文化,,nonsense_low,0-7,2,毫无关联,,unknown,0.50,
627,盘古,盘古,神话,,same_answer_exact,95-100,100,完全一样,,unknown,0.50,
628,盘瓠,犬神,神话,,hint_like_high,65-75,70,同类型,,unknown,0.50,
629,盘腿,坐定,动作,,hint_like_high,65-75,70,字面意思有关联系,,unknown,0.50,
630,盲人摸象,盲人摸象,成语,,same_answer_exact,95-100,100,完全一样,,unknown,0.50,
631,相声,包袱连连,文化,,hint_like_high,75-85,80,关联度较高,,unknown,0.50,
632,相柳,刑天,神话,,same_category_mid,35-45,40,都是神话，但关联度不高,,unknown,0.50,
633,相柳,西王母,神话,,same_category_mid,35-45,40,都是神话，但关联度不高,,unknown,0.50,
634,相柳,邓紫棋,神话,,cross_category_low,2-12,7,二者不搭界,,unknown,0.50,
635,看展,坐船,旅游,,same_category_mid,15-25,20,语义不同,,unknown,0.50,
636,真挚,情感纯粹,情感,,hint_like_high,75-85,80,关联度较高,,unknown,0.50,
637,真空,轨道,宇宙,,same_category_mid,25-35,30,都是宇宙相关，但关联度不高,,unknown,0.50,
638,瞎子摸象,铁公鸡,歇后语,,same_category_mid,25-35,30,都是歇后语，但关联度不高,,unknown,0.50,
639,石像鬼,狼王,狼人杀,,same_category_mid,65-75,70,都为狼人杀，范围接近,,unknown,0.50,
640,石像鬼,石像鬼,狼人杀,,same_answer_exact,95-100,100,完全一样,,unknown,0.50,
641,石雕,篆刻,文化,,same_category_mid,35-45,40,都是文化，但关联度不高,,unknown,0.50,
642,破釜沉舟,居安思危,典故,,same_category_mid,25-35,30,都是历史典故，但关联度不高,,unknown,0.50,
643,碑刻,篾条成形,文化,,nonsense_low,0-7,2,毫无关联,,unknown,0.50,
644,社会,人群,学科,,hint_like_high,45-55,50,关联度中等,,unknown,0.50,
645,社火,民间踩街,文化,,hint_like_high,35-45,40,社火包含民间踩街但后者关联度确实不高,,unknown,0.50,
646,祖冲之,讨论,人物,,cross_category_low,2-12,7,二者不搭界,,unknown,0.50,
647,祭司,热乎,狼人杀,,nonsense_low,0-7,2,毫无关联,,unknown,0.50,
648,禁锢者,驯熊师,狼人杀,,same_category_mid,65-75,70,都为狼人杀，范围接近,,unknown,0.50,
649,离职,冬至,工作,,cross_category_low,0-8,3,二者不搭界,,unknown,0.50,
650,秃子头上,平和,歇后语,,cross_category_low,2-12,7,二者不搭界,,unknown,0.50,
651,秃子头上,无遮无掩,歇后语,,hint_like_high,65-75,70,字面意思接近,,unknown,0.50,
652,租房,合同,生活,,hint_like_high,45-55,50,后者范围较广,,unknown,0.50,
653,租房,拍照,生活,,cross_category_low,2-12,7,二者不搭界,,unknown,0.50,
654,租车,托运,旅游,,same_category_mid,15-25,20,二者关联度低,,unknown,0.50,
655,租车,集章,旅游,,same_category_mid,35-45,40,都是旅游，但关联度不高,,unknown,0.50,
656,秦始皇,烤鸭,人物,,cross_category_low,2-12,7,二者不搭界,,unknown,0.50,
657,秦时明月,喜羊羊,动漫,动漫,hard_negative_low,10-20,15,failed_top3_confusion_rank2,hard_negative_miner_v1,auto_miner,0.55,
658,秦时明月,罗小黑战记,动漫,动漫,hard_negative_low,10-20,15,failed_top1_confusion,hard_negative_miner_v1,auto_miner,0.55,
659,秦时明月,虹猫蓝兔,动漫,动漫,related_mid,63-73,68,failed_top3_confusion_rank3,suggested_relabel_ab_v1,auto_relabel,0.80,
660,秦时明月,随从群,动漫,,nonsense_low,0-7,2,毫无关联,,unknown,0.50,
661,秧歌,扭动队列,文化,,hint_like_high,65-75,70,关联度中等,,unknown,0.50,
662,秧歌,热闹队伍,文化,,hint_like_high,55-65,60,有关联但不高,,unknown,0.50,
663,稻香,告白,歌曲,,same_category_mid,55-65,60,关联度中等,,unknown,0.50,
664,稻香,攀向高处,歌曲,,nonsense_low,0-7,2,毫无关联,,unknown,0.50,
665,稻香,网球王子,歌曲,,cross_category_low,2-12,7,二者不搭界,,unknown,0.50,
666,立冬,后来,节日,,cross_category_low,2-12,7,二者不搭界,,unknown,0.50,
667,立冬,寒意重,节日,,hint_like_high,85-95,90,关联度较高,,unknown,0.50,
668,竹海,风起摇曳,风景,,hint_like_high,35-45,40,风吹过竹子,,unknown,0.50,
669,策略,博弈思考,游戏,,hint_like_high,45-55,50,关联度中等,,unknown,0.50,
670,策略,排兵布阵,游戏,,hint_like_high,65-75,70,后者属于前者一种,,unknown,0.50,
671,签证,指鹿为马,旅游,,cross_category_low,0-9,4,都是旅游，但关联度不高,,unknown,0.50,
672,管理,执行,学科,,hint_like_high,45-55,50,管理包含执行但后者只是前者的一个方面,,unknown,0.50,
673,篆书,字形古雅,文化,,hint_like_high,65-75,70,包含,,unknown,0.50,
674,篆书,篆刻,文化,,same_category_mid,35-45,40,都是历史文化，但关联度不高,,unknown,0.50,
675,篆刻,花海,文化,,cross_category_low,2-12,7,二者不搭界,,unknown,0.50,
676,粥品,清淡,美食,,hint_like_high,45-55,50,关联度中等,,unknown,0.50,
677,粥品,粥品,美食,,same_answer_exact,95-100,100,完全一样,,unknown,0.50,
678,粽子,对牛弹琴,美食,,cross_category_low,2-12,7,二者不搭界,,unknown,0.50,
679,粽子,粽子,美食,,same_answer_exact,95-100,100,完全一样,,unknown,0.50,
680,糖葫芦,冰晶壳,美食,,hint_like_high,55-65,60,外观描述,,unknown,0.50,
681,糖葫芦,火属性,美食,,nonsense_low,0-7,2,毫无关联,,unknown,0.50,
682,紧张,焦虑,感情,,same_category_mid,25-35,30,语义不同,,unknown,0.50,
683,红猪,大鱼海棠,动漫,动漫,hard_negative_low,10-20,15,failed_top3_confusion_rank2,hard_negative_miner_v1,auto_miner,0.55,
684,红猪,星游记,动漫,动漫,hard_negative_low,10-20,15,failed_top1_confusion,hard_negative_miner_v1,auto_miner,0.55,
685,红猪,海贼王,动漫,动漫,hard_negative_low,10-20,15,failed_top3_confusion_rank3,hard_negative_miner_v1,auto_miner,0.55,
686,红豆,温柔,歌曲,,hint_like_high,25-35,30,后者仅是前者的一种情绪表达，关联度不高,,unknown,0.50,
687,红豆,轨道群,歌曲,,nonsense_low,0-7,2,毫无关联,,unknown,0.50,
688,纸上谈兵,拓印,典故,,cross_category_low,0-8,3,二者不搭界,,unknown,0.50,
689,纸上谈兵,望梅止渴,典故,,same_category_mid,25-35,30,都是历史典故，但关联度不高,,unknown,0.50,
690,纸上谈兵,期待,典故,,cross_category_low,2-12,7,二者不搭界,,unknown,0.50,
691,纸里包火,鬼狐故事,歇后语,,nonsense_low,0-7,2,毫无关联,,unknown,0.50,
692,练习,阅读,学习,,same_category_mid,25-35,30,关联度低,,unknown,0.50,
693,网球王子,游戏王,动漫,,same_category_mid,45-55,50,关联度中等,,unknown,0.50,
694,网球王子,罗小黑战记,动漫,动漫,hard_negative_low,10-20,15,failed_top1_confusion,hard_negative_miner_v1,auto_miner,0.55,
695,网球王子,虹猫蓝兔,动漫,动漫,related_mid,63-73,68,failed_top3_confusion_rank2,suggested_relabel_ab_v1,auto_relabel,0.80,
696,网球王子,铃芽之旅,动漫,,same_category_mid,45-55,50,关联度中等,,unknown,0.50,
697,美少女战士,变身,动漫,,hint_like_high,35-45,40,变身只是美少女战士的一个元素,,unknown,0.50,
698,美少女战士,咒术回战,动漫,动漫,related_mid,63-73,68,failed_top3_confusion_rank3,suggested_relabel_ab_v1,auto_relabel,0.80,
699,美少女战士,犬夜叉,动漫,动漫,hard_negative_low,10-20,15,failed_top3_confusion_rank2,hard_negative_miner_v1,auto_miner,0.55,
700,美少女战士,银魂,动漫,动漫,hard_negative_low,10-20,15,failed_top1_confusion,hard_negative_miner_v1,auto_miner,0.55,
701,美术,骑士,学科,,cross_category_low,2-12,7,二者不搭界,,unknown,0.50,
702,羞涩,跳跃,情感,,cross_category_low,2-12,7,二者不搭界,,unknown,0.50,
703,羡慕,惊讶,感情,,same_category_mid,25-35,30,都是情感，但关联度不高,,unknown,0.50,
704,羡慕,眼红,感情,,hint_like_high,85-95,90,非常接近了,,unknown,0.50,
705,翻滚,抬头,动作,,same_category_mid,15-25,20,语义不同,,unknown,0.50,
706,翻译,翻译,学习,,same_answer_exact,95-100,100,完全一样,,unknown,0.50,
707,老子,函谷关,人物,,hint_like_high,75-85,80,后者易于联想到前者,,unknown,0.50,
708,考试,鬼怪装,学习,,nonsense_low,0-7,2,毫无关联,,unknown,0.50,
709,肉夹馍,烤鱼,美食,,same_category_mid,25-35,30,都是吃的，仅此而已,,unknown,0.50,
710,肉夹馍,越剧,美食,,cross_category_low,2-12,7,二者不搭界,,unknown,0.50,
711,背水一战,退无可退,典故,,hint_like_high,75-85,80,环境相同,,unknown,0.50,
712,背水一战,闻鸡起舞,典故,,same_category_mid,25-35,30,关联度低,,unknown,0.50,
713,背水一战,高山流水,典故,,same_category_mid,25-35,30,都是历史典故，但关联度不高,,unknown,0.50,
714,背诵,朗读,学习,,same_category_mid,35-45,40,都是学习，但关联度不高,,unknown,0.50,
715,自检,打包,工作,,nonsense_low,0-7,2,毫无关联,,unknown,0.50,
716,自相矛盾,拿鸡毛,成语,,cross_category_low,2-12,7,二者不搭界,,unknown,0.50,
717,自相矛盾,杯弓蛇影,成语,,same_category_mid,25-35,30,关联度低,,unknown,0.50,
718,自驾,路线随定,旅游,,hint_like_high,35-45,40,有关联但是很难联想,,unknown,0.50,
719,舞狮,托运,文化,,cross_category_low,2-12,7,二者不搭界,,unknown,0.50,
720,舞狮,龙舟,文化,,same_category_mid,35-45,40,都是文化，但关联度不高,,unknown,0.50,
721,船到桥头,剑术,歇后语,,nonsense_low,0-7,2,毫无关联,,unknown,0.50,
722,船到桥头,终会解决,歇后语,,hint_like_high,75-85,80,语义接近,,unknown,0.50,
723,花木兰,巾帼英雄,人物,,hint_like_high,65-75,70,包含关系,,unknown,0.50,
724,花田,夜色,风景,,same_category_mid,25-35,30,都是风景，但关联度不高,,unknown,0.50,
725,花鼓,京剧,文化,,same_category_mid,35-45,40,都是文化，但关联度不高,,unknown,0.50,
726,花鼓,踏步节奏,文化,,hint_like_high,55-65,60,关联度中等,,unknown,0.50,
727,苏轼,居安思危,人物,,cross_category_low,2-12,7,二者不搭界,,unknown,0.50,
728,苏轼,抬头,人物,,cross_category_low,2-12,7,二者不搭界,,unknown,0.50,
729,苏轼,美食家,人物,,hint_like_high,25-35,30,后者很难联想,,unknown,0.50,
730,苦闷,愤怒,感情,,same_category_mid,55-65,60,情感强度不同,,unknown,0.50,
731,范仲淹,秦始皇,人物,,nonsense_low,0-7,2,毫无关联,,unknown,0.50,
732,草原,林间,风景,,same_category_mid,25-35,30,都是风景，但关联度不高,,unknown,0.50,
733,草原,海浪,风景,,same_category_mid,25-35,30,语义不够接近,,unknown,0.50,
734,草船借箭,计谋,典故,,hint_like_high,65-75,70,后者包含前者,,unknown,0.50,
735,落座,踢踏,动作,,same_category_mid,15-25,20,二者不搭界,,unknown,0.50,
736,蒲松龄,联机,人物,,cross_category_low,2-12,7,二者不搭界,,unknown,0.50,
737,蔡依林,发呆,歌手,,nonsense_low,0-7,2,毫无关联,,unknown,0.50,
738,薛之谦,满足,歌手,,cross_category_low,2-12,7,二者不搭界,,unknown,0.50,
739,蛋挞,自豪,美食,,cross_category_low,2-12,7,二者不搭界,,unknown,0.50,
740,蜡笔小新,哆啦A梦,动漫,动漫,near_synonym_high,77-87,82,failed_top3_confusion_rank2,suggested_relabel_ab_v1,auto_relabel,0.80,
741,蜡笔小新,妖精尾巴,动漫,动漫,near_synonym_high,77-87,82,failed_top3_confusion_rank3,suggested_relabel_ab_v1,auto_relabel,0.80,
742,蜡笔小新,罗小黑战记,动漫,动漫,related_mid,63-73,68,failed_top1_confusion,suggested_relabel_ab_v1,auto_relabel,0.80,
743,螺蛳粉,冬至,美食,,cross_category_low,2-12,7,二者不搭界,,unknown,0.50,
744,血月使者,茶园,狼人杀,,cross_category_low,2-12,7,二者不搭界,,unknown,0.50,
745,行星,超新星,宇宙,,same_category_mid,35-45,40,都是宇宙相关，但关联度不高,,unknown,0.50,
746,觅食,引力,旅游,,cross_category_low,0-8,3,二者不搭界,,unknown,0.50,
747,视角,烤鸭,游戏,,cross_category_low,2-12,7,二者不搭界,,unknown,0.50,
748,视角,镜头位置,游戏,,hint_like_high,75-85,80,词义上接近，但后者只是前者的一个方面,,unknown,0.50,
749,解答,看风景,学习,,nonsense_low,0-7,2,毫无关联,,unknown,0.50,
750,解谜,升级,游戏,,same_category_mid,35-45,40,都是游戏，但关联度不高,,unknown,0.50,
751,触龙说赵,祭灶,典故,,nonsense_low,0-7,2,毫无关联,,unknown,0.50,
752,言叶之庭,治愈,动漫,,hint_like_high,25-35,30,后者是前者的一个情感，但很难联想到前者,,unknown,0.50,
753,言叶之庭,画江湖,动漫,,same_category_mid,35-45,40,都是历史人物，但关联度不高,,unknown,0.50,
754,计算,代码实现,学科,,hint_like_high,25-35,30,关联度不高,,unknown,0.50,
755,计算,大雪,学科,,cross_category_low,2-12,7,二者不搭界,,unknown,0.50,
756,计算,编码开发,学科,,hint_like_high,55-65,60,关联度中等,,unknown,0.50,
757,订房,亮起来,旅游,,nonsense_low,0-7,2,毫无关联,,unknown,0.50,
758,订房,确认日期,旅游,,hint_like_high,45-55,50,关联度中等,,unknown,0.50,
759,讨论,鲁迅,学习,,cross_category_low,2-12,7,二者不搭界,,unknown,0.50,
760,记忆,流星雨,学习,,cross_category_low,2-12,7,二者不搭界,,unknown,0.50,
761,许嵩,邓紫棋,歌手,,same_category_mid,35-45,40,都是歌手，但关联度不高,,unknown,0.50,
762,评审,镇魂街,工作,,cross_category_low,2-12,7,二者不搭界,,unknown,0.50,
763,评弹,书场表演,文化,,hint_like_high,85-95,90,很接近,,unknown,0.50,
764,评弹,降雨量,文化,,nonsense_low,0-7,2,毫无关联,,unknown,0.50,
765,评弹,龙舟,文化,,same_category_mid,15-25,20,语义不同,,unknown,0.50,
766,语文,地质,学科,,same_category_mid,35-45,40,都是学科，但关联度不高,,unknown,0.50,
767,诸葛亮,出师表,人物,,hint_like_high,90-100,95,出师表直接能联想到诸葛亮,,unknown,0.50,
768,诸葛亮,卧龙,人物,,hint_like_high,94-100,99,二者几乎相等,,unknown,0.50,
769,读书,通风,生活,,same_category_mid,15-25,20,语义不同,,unknown,0.50,
770,豆花,勺舀,美食,,hint_like_high,45-55,50,后者为前者的动作行为,,unknown,0.50,
771,豆花,火锅,美食,,same_category_mid,25-35,30,都是吃的，仅此而已,,unknown,0.50,
772,负荆请罪,三令五申,典故,,same_category_mid,25-35,30,都是历史典故，但关联度不高,,unknown,0.50,
773,负荆请罪,推挡,典故,,cross_category_low,2-12,7,二者不搭界,,unknown,0.50,
774,购物,比价,生活,,hint_like_high,55-65,60,关联度中等,,unknown,0.50,
775,走位,走位,游戏,,same_answer_exact,95-100,100,完全一样,,unknown,0.50,
776,走位,躲技能,游戏,,hint_like_high,85-95,90,很接近,,unknown,0.50,
777,起床,通话,生活,,same_category_mid,15-25,20,二者不搭界,,unknown,0.50,
778,起身,俯卧,动作,,same_category_mid,15-25,20,语义不同,,unknown,0.50,
779,趁热打铁,趁热打铁,成语,,same_answer_exact,95-100,100,完全一样,,unknown,0.50,
780,超新星,星系,宇宙,,same_category_mid,35-45,40,都是宇宙相关，但关联度不高,,unknown,0.50,
781,超新星,轨道,宇宙,,same_category_mid,15-25,20,二者关联度低,,unknown,0.50,
782,越剧,委屈,文化,,nonsense_low,0-7,2,毫无关联,,unknown,0.50,
783,越剧,纸鸢,文化,,same_category_mid,35-45,40,都是历史文化，但关联度不高,,unknown,0.50,
784,跟踪,杜甫,工作,,cross_category_low,2-12,7,二者不搭界,,unknown,0.50,
785,跳跃,落地缓冲,动作,,hint_like_high,55-65,60,关联度中等,,unknown,0.50,
786,跳跃,跳跃,动作,,same_answer_exact,95-100,100,完全一样,,unknown,0.50,
787,踮脚,前掌起,动作,,hint_like_high,35-45,40,字面意思有关联，但很难联系那个动作,,unknown,0.50,
788,踮脚,拓印,动作,,cross_category_low,2-12,7,二者不搭界,,unknown,0.50,
789,转机,免税,旅游,,same_category_mid,15-25,20,语义不同,,unknown,0.50,
790,转机,刺绣,旅游,,cross_category_low,2-12,7,二者不搭界,,unknown,0.50,
791,轻松,盘古,感情,,cross_category_low,2-12,7,二者不搭界,,unknown,0.50,
792,过图,进下关,游戏,,hint_like_high,55-65,60,还是不好猜到,,unknown,0.50,
793,迈步,移动,动作,,hint_like_high,60-70,65,迈步确实会产生移动,,unknown,0.50,
794,迈步,迈步,动作,,same_answer_exact,95-100,100,完全一样,,unknown,0.50,
795,运动,先定规则,生活,,nonsense_low,0-7,2,毫无关联,,unknown,0.50,
796,运动,通勤,生活,,same_category_mid,5-15,10,二者不搭界,,unknown,0.50,
797,进击的巨人,听讲,动漫,,cross_category_low,2-12,7,二者不搭界,,unknown,0.50,
798,进击的巨人,孤身前往,动漫,,nonsense_low,0-7,2,毫无关联,,unknown,0.50,
799,进击的巨人,家常餐,动漫,,nonsense_low,0-7,2,毫无关联,,unknown,0.50,
800,进击的巨人,心里一惊,动漫,,nonsense_low,0-7,2,毫无关联,,unknown,0.50,
801,远程,不受管束,工作,,nonsense_low,0-7,2,毫无关联,,unknown,0.50,
802,远程,离职,工作,,same_category_mid,35-45,40,都是工作，但关联度不高,,unknown,0.50,
803,连击,教程,游戏,,same_category_mid,15-25,20,都是游戏活动，但关联度不高,,unknown,0.50,
804,连麦,连麦,游戏,,same_answer_exact,95-100,100,完全一样,,unknown,0.50,
805,迷茫,零钱,感情,,nonsense_low,0-7,2,毫无关联,,unknown,0.50,
806,追剧,下一集,生活,,hint_like_high,45-55,50,关联度中等,,unknown,0.50,
807,追剧,打扫,生活,,same_category_mid,15-25,20,语义不同,,unknown,0.50,
808,退避三舍,光年,典故,,cross_category_low,2-12,7,二者不搭界,,unknown,0.50,
809,通话,养宠,生活,,same_category_mid,15-25,20,语义不同,,unknown,0.50,
810,通话,理财,生活,,same_category_mid,15-25,20,语义不同,,unknown,0.50,
811,逛馆,展厅,旅游,,hint_like_high,55-65,60,联想度不够,,unknown,0.50,
812,逛馆,展品,旅游,,hint_like_high,55-65,60,关联度够了，但是二者词性不同,,unknown,0.50,
813,那英,那英,歌手,,same_answer_exact,95-100,100,完全一样,,unknown,0.50,
814,邮轮,看夜景,旅游,,same_category_mid,35-45,40,语义不同,,unknown,0.50,
815,邮轮,邮轮,旅游,,same_answer_exact,95-100,100,完全一样,,unknown,0.50,
816,邯郸学步,刷牙,典故,,cross_category_low,2-12,7,二者不搭界,,unknown,0.50,
817,郁闷,惋惜,情感,,same_category_mid,25-35,30,语义不同,,unknown,0.50,
818,郁闷,想叹气,情感,,hint_like_high,75-85,80,关联度较高,,unknown,0.50,
819,郁闷,热切,情感,,same_category_mid,15-25,20,语义不同,,unknown,0.50,
820,郑和,鲲鹏,人物,,cross_category_low,2-12,7,二者不搭界,,unknown,0.50,
821,酸辣粉,全职猎人,美食,,cross_category_low,2-12,7,二者不搭界,,unknown,0.50,
822,释怀,不再挂,情感,,hint_like_high,65-75,70,字面意思接近,,unknown,0.50,
823,释怀,化形,情感,,nonsense_low,0-7,2,毫无关联,,unknown,0.50,
824,释然,释然,感情,,same_answer_exact,95-100,100,完全一样,,unknown,0.50,
825,里程碑,太阳系,工作,,cross_category_low,2-12,7,二者不搭界,,unknown,0.50,
826,里程碑,里程碑,工作,,same_answer_exact,95-100,100,完全一样,,unknown,0.50,
827,里程碑,阶段目标,工作,,hint_like_high,85-95,90,语义相近,,unknown,0.50,
828,重阳,菊花酒,节日,,hint_like_high,65-75,70,重阳节有喝菊花酒的习俗,,unknown,0.50,
829,重阳,鲲鹏,节日,,cross_category_low,2-12,7,二者不搭界,,unknown,0.50,
830,铃芽之旅,灵笼,动漫,动漫,hard_negative_low,10-20,15,failed_top3_confusion_rank2,hard_negative_miner_v1,auto_miner,0.55,
831,铃芽之旅,罗小黑战记,动漫,动漫,hard_negative_low,10-20,15,failed_top1_confusion,hard_negative_miner_v1,auto_miner,0.55,
832,铃芽之旅,龙猫,动漫,动漫,hard_negative_low,10-20,15,failed_top3_confusion_rank3,hard_negative_miner_v1,auto_miner,0.55,
833,银河,亿万恒体,宇宙,,hint_like_high,75-85,80,意思接近但后者非宇宙,,unknown,0.50,
834,银河,焦虑,宇宙,,cross_category_low,2-12,7,二者不搭界,,unknown,0.50,
835,银魂,幽游白书,动漫,动漫,near_synonym_high,77-87,82,failed_top3_confusion_rank3,suggested_relabel_ab_v1,auto_relabel,0.80,
836,银魂,樱桃小丸子,动漫,动漫,related_mid,63-73,68,failed_top1_confusion,suggested_relabel_ab_v1,auto_relabel,0.80,
837,银魂,魔女宅急便,动漫,,same_category_mid,45-55,50,均为动漫，但猜不到,,unknown,0.50,
838,银魂,龙猫,动漫,动漫,related_mid,63-73,68,failed_top3_confusion_rank2,suggested_relabel_ab_v1,auto_relabel,0.80,
839,销假,催办,工作,,same_category_mid,15-25,20,二者关联度低,,unknown,0.50,
840,销假,销假,工作,,same_answer_exact,95-100,100,完全一样,,unknown,0.50,
841,锦上添花,自相矛盾,成语,,same_category_mid,15-25,20,仅为成语，关联度低,,unknown,0.50,
842,锦上添花,顺水推舟,成语,,same_category_mid,15-25,20,二者关联度低,,unknown,0.50,
843,镇魂街,名侦探柯南,动漫,,same_category_mid,45-55,50,关联度中等,,unknown,0.50,
844,镇魂街,战斗,动漫,,hint_like_high,45-55,50,后者范围较广,,unknown,0.50,
845,镇魂街,虹猫蓝兔,动漫,动漫,related_mid,63-73,68,failed_top1_confusion,suggested_relabel_ab_v1,auto_relabel,0.80,
846,镇魂街,青之驱魔师,动漫,动漫,near_synonym_high,77-87,82,failed_top3_confusion_rank2,suggested_relabel_ab_v1,auto_relabel,0.80,
847,镇魂街,鬼灭之刃,动漫,动漫,related_mid,63-73,68,failed_top3_confusion_rank3,suggested_relabel_ab_v1,auto_relabel,0.80,
848,闯关,最终战斗,游戏,,hint_like_high,25-35,30,后者表示最后一关，前者并不是特指最后一关，关联度不高,,unknown,0.50,
849,阅读,沉浸,学习,,hint_like_high,75-85,80,后者较容易猜测到前者,,unknown,0.50,
850,阅读,看文字,学习,,hint_like_high,55-65,60,阅读包含看文字,,unknown,0.50,
851,阅读,骑士,学习,,cross_category_low,2-12,7,二者不搭界,,unknown,0.50,
852,陈奕迅,李荣浩,歌手,,same_category_mid,35-45,40,都是歌手，但关联度不高,,unknown,0.50,
853,陈奕迅,陈奕迅,歌手,,same_answer_exact,95-100,100,完全一样,,unknown,0.50,
854,陨石,星球,宇宙,,same_category_mid,35-45,40,都是宇宙相关，但关联度不高,,unknown,0.50,
855,陨石,暗能量,宇宙,,same_category_mid,15-25,20,关联度底,,unknown,0.50,
856,陨石,陨石,宇宙,,same_answer_exact,95-100,100,完全一样,,unknown,0.50,
857,集章,集章,旅游,,same_answer_exact,95-100,100,完全一样,,unknown,0.50,
858,雨水,处暑,节日,,same_category_mid,25-35,30,都是节日，但关联度不高,,unknown,0.50,
859,雨水,谷雨,节日,,same_category_mid,55-65,60,有字相同,,unknown,0.50,
860,雪中送炭,貔貅,成语,,cross_category_low,2-12,7,二者不搭界,,unknown,0.50,
861,雪峰,樱花,风景,,same_category_mid,15-25,20,猜不到的,,unknown,0.50,
862,雷公,应龙,神话,,same_category_mid,55-65,60,都是神话，但关联度不高,,unknown,0.50,
863,雷公,神话神,神话,,hint_like_high,45-55,50,后者范围较广,,unknown,0.50,
864,需求,需求,工作,,same_answer_exact,95-100,100,完全一样,,unknown,0.50,
865,霜降,侠客,节日,,nonsense_low,0-7,2,毫无关联,,unknown,0.50,
866,霜降,霜降,节日,,same_answer_exact,95-100,100,完全一样,,unknown,0.50,
867,露台,复盘,旅游,,cross_category_low,2-12,7,二者不搭界,,unknown,0.50,
868,露台,最美的期待,旅游,,cross_category_low,2-12,7,二者不搭界,,unknown,0.50,
869,露台,神禽,旅游,,nonsense_low,0-7,2,毫无关联,,unknown,0.50,
870,露台,露台,旅游,,same_answer_exact,95-100,100,完全一样,,unknown,0.50,
871,露营,拍景,旅游,,same_category_mid,25-35,30,词义关联度较低,,unknown,0.50,
872,露营,搭帐篷,旅游,,hint_like_high,65-75,70,露营包含搭帐篷,,unknown,0.50,
873,露营,看星星,旅游,,hint_like_high,55-65,60,后者是前者一部分，但不是主体关联,,unknown,0.50,
874,青之驱魔师,凿壁借光,动漫,,cross_category_low,2-12,7,二者不搭界,,unknown,0.50,
875,青之驱魔师,罗小黑战记,动漫,动漫,hard_negative_low,10-20,15,failed_top3_confusion_rank3,hard_negative_miner_v1,auto_miner,0.55,
876,青之驱魔师,虹猫蓝兔,动漫,动漫,near_synonym_high,77-87,82,failed_top1_confusion,suggested_relabel_ab_v1,auto_relabel,0.80,
877,青之驱魔师,铃芽之旅,动漫,,same_category_mid,45-55,50,关联度中等,,unknown,0.50,
878,青之驱魔师,鬼灭之刃,动漫,动漫,near_synonym_high,77-87,82,failed_top3_confusion_rank2,suggested_relabel_ab_v1,auto_relabel,0.80,
879,青花瓷,серд发紧,歌曲,,nonsense_low,0-7,2,毫无关联,,unknown,0.50,
880,青花瓷,雅致,歌曲,,hint_like_high,25-35,30,字面意思有关联，但前者是歌曲，关联度降低,,unknown,0.50,
881,青龙,刑天,神话,,same_category_mid,35-45,40,都是神话，但关联度不高,,unknown,0.50,
882,面条,三明治,美食,,same_category_mid,25-35,30,都是吃的，仅此而已,,unknown,0.50,
883,鞠躬,精卫,动作,,cross_category_low,2-12,7,二者不搭界,,unknown,0.50,
884,韩信,文天祥,人物,,same_category_mid,25-35,30,都是历史人物，但关联度不高,,unknown,0.50,
885,顺水推舟,全力冲,成语,,nonsense_low,0-7,2,毫无关联,,unknown,0.50,
886,预习,先熟悉,学习,,hint_like_high,85-95,90,很接近,,unknown,0.50,
887,预备役,待命,狼人杀,,hint_like_high,50-60,55,内容接近,,unknown,0.50,
888,风之谷,刺客伍六七,动漫,,same_category_mid,45-55,50,关联度中等,,unknown,0.50,
889,风之谷,大鱼海棠,动漫,动漫,hard_negative_low,10-20,15,failed_top3_confusion_rank2,hard_negative_miner_v1,auto_miner,0.55,
890,风之谷,罗小黑战记,动漫,动漫,related_mid,63-73,68,failed_top1_confusion,suggested_relabel_ab_v1,auto_relabel,0.80,
891,风之谷,虹猫蓝兔,动漫,动漫,hard_negative_low,10-20,15,failed_top3_confusion_rank3,hard_negative_miner_v1,auto_miner,0.55,
892,风之谷,鞠躬,动漫,,cross_category_low,2-12,7,二者不搭界,,unknown,0.50,
893,风之谷,龙猫,动漫,,same_category_mid,35-45,40,关联度中等,,unknown,0.50,
894,饺子,饺子,美食,,same_answer_exact,95-100,100,完全一样,,unknown,0.50,
895,馄饨,等待对局,美食,,nonsense_low,0-7,2,毫无关联,,unknown,0.50,
896,首领,战绩,游戏,,same_category_mid,35-45,40,都是游戏，但关联度不高,,unknown,0.50,
897,首领,沙盒,游戏,,same_category_mid,25-35,30,二者词义相差甚远,,unknown,0.50,
898,香道,挂起来,文化,,nonsense_low,0-7,2,毫无关联,,unknown,0.50,
899,驯熊师,白痴,狼人杀,,same_category_mid,65-75,70,关联度较高,,unknown,0.50,
900,骑士,口述,狼人杀,,nonsense_low,0-7,2,毫无关联,,unknown,0.50,
901,高山流水,程门立雪,典故,,same_category_mid,15-25,20,关联度低,,unknown,0.50,
902,鬼灭之刃,白蛇缘起,动漫,动漫,related_mid,63-73,68,failed_top3_confusion_rank2,suggested_relabel_ab_v1,auto_relabel,0.80,
903,鬼灭之刃,罗小黑战记,动漫,动漫,hard_negative_low,10-20,15,failed_top1_confusion,hard_negative_miner_v1,auto_miner,0.55,
904,鬼灭之刃,虹猫蓝兔,动漫,动漫,near_synonym_high,77-87,82,failed_top3_confusion_rank3,suggested_relabel_ab_v1,auto_relabel,0.80,
905,魔女宅急便,进击的巨人,动漫,,same_category_mid,55-65,60,种类相同,,unknown,0.50,
906,鲁迅,诸葛亮,人物,,same_category_mid,35-45,40,都是历史人物，但关联度不高,,unknown,0.50,
907,鲛,海底歌,神话,,hint_like_high,75-85,80,关联度较高,,unknown,0.50,
908,鲛人,天文,神话,,cross_category_low,5-15,10,二者不搭界,,unknown,0.50,
909,鲛人,麒麟,神话,,same_category_mid,55-65,60,都是神话，但关联度不高,,unknown,0.50,
910,鲲鹏,扶摇直上,神话,,hint_like_high,75-85,80,关联度较高,,unknown,0.50,
911,鸡犬升天,沾光跟着,歇后语,,hint_like_high,75-85,80,意思接近但后者非歇后语,,unknown,0.50,
912,鸡犬升天,郁闷,歇后语,,cross_category_low,2-12,7,二者不搭界,,unknown,0.50,
913,鸡犬升天,鸡犬升天,歇后语,,same_answer_exact,95-100,100,完全一样,,unknown,0.50,
914,鹤立鸡群,画饼充饥,成语,,same_category_mid,25-35,30,均为成语，关联度低,,unknown,0.50,
915,鹤立鸡群,看高处,成语,,nonsense_low,0-7,2,毫无关联,,unknown,0.50,
916,麒麟,道德经,神话,,nonsense_low,0-7,2,毫无关联,,unknown,0.50,
917,麻花,月饼,美食,,same_category_mid,15-25,20,关联度低,,unknown,0.50,
918,麻花,汤圆,美食,,same_category_mid,25-35,30,都是吃的，仅此而已,,unknown,0.50,
919,麻辣烫,麻辣烫,美食,,same_answer_exact,95-100,100,完全一样,,unknown,0.50,
920,麻雀虽小,不缺要素,歇后语,,hint_like_high,75-85,80,内容接近,,unknown,0.50,
921,麻雀虽小,玄女,歇后语,,cross_category_low,2-12,7,二者不搭界,,unknown,0.50,
922,黄鼠狼拜年,暗藏坏心,歇后语,,hint_like_high,75-85,80,相似度较高,,unknown,0.50,
923,黑洞,惊喜,宇宙,,cross_category_low,2-12,7,二者不搭界,,unknown,0.50,
924,黔驴技穷,选题,典故,,nonsense_low,0-7,2,毫无关联,,unknown,0.50,
925,默写,预读,学习,,same_category_mid,15-25,20,关联度低,,unknown,0.50,
926,龙舟,长形船体,文化,,hint_like_high,45-55,50,后者范围较广,,unknown,0.50,
