id,answer,user_input,answer_category,input_category_guess,relation_tag,expected_range,score_0_100,reason,reviewer
1,测绘,测绘,学科,,same_answer_exact,95-100,100,完全一样,
2,孤寂,孤寂,情感,,same_answer_exact,95-100,100,完全一样,
3,委屈,委屈,感情,,same_answer_exact,95-100,100,完全一样,
4,湖畔,湖畔,风景,,same_answer_exact,95-100,100,完全一样,
5,陈奕迅,陈奕迅,歌手,,same_answer_exact,95-100,100,完全一样,
6,挑灯夜战,挑灯夜战,成语,,same_answer_exact,95-100,100,完全一样,
7,里程碑,里程碑,工作,,same_answer_exact,95-100,100,完全一样,
8,王安石,王安石,人物,,same_answer_exact,95-100,100,完全一样,
9,数码宝贝,数码宝贝,动漫,,same_answer_exact,95-100,100,完全一样,
10,那英,那英,歌手,,same_answer_exact,95-100,100,完全一样,
11,销假,销假,工作,,same_answer_exact,95-100,100,完全一样,
12,日出,日出,风景,,same_answer_exact,95-100,100,完全一样,
13,释然,释然,感情,,same_answer_exact,95-100,100,完全一样,
14,探图,探图,游戏,,same_answer_exact,95-100,100,完全一样,
15,盘古,盘古,神话,,same_answer_exact,95-100,100,完全一样,
16,白露,白露,节日,,same_answer_exact,95-100,100,完全一样,
17,化学,化学,学科,,same_answer_exact,95-100,100,完全一样,
18,趁热打铁,趁热打铁,成语,,same_answer_exact,95-100,100,完全一样,
19,饺子,饺子,美食,,same_answer_exact,95-100,100,完全一样,
20,守夜人,守夜人,狼人杀,,same_answer_exact,95-100,100,完全一样,
21,法学,法学,学科,,same_answer_exact,95-100,100,完全一样,
22,泡芙,泡芙,美食,,same_answer_exact,95-100,100,完全一样,
23,柳宗元,柳宗元,人物,,same_answer_exact,95-100,100,完全一样,
24,悬梁刺股,悬梁刺股,典故,,same_answer_exact,95-100,100,完全一样,
25,集章,集章,旅游,,same_answer_exact,95-100,100,完全一样,
26,狗咬吕洞宾,狗咬吕洞宾,歇后语,,same_answer_exact,95-100,100,完全一样,
27,处暑,处暑,节日,,same_answer_exact,95-100,100,完全一样,
28,哪吒,哪吒,神话,,same_answer_exact,95-100,100,完全一样,
29,露台,露台,旅游,,same_answer_exact,95-100,100,完全一样,
30,连麦,连麦,游戏,,same_answer_exact,95-100,100,完全一样,
31,挥拳,挥拳,动作,,same_answer_exact,95-100,100,完全一样,
32,小溪,小溪,风景,,same_answer_exact,95-100,100,完全一样,
33,弹跳,弹跳,动作,,same_answer_exact,95-100,100,完全一样,
34,凿壁借光,凿壁借光,典故,,same_answer_exact,95-100,100,完全一样,
35,感动,感动,情感,,same_answer_exact,95-100,100,完全一样,
36,需求,需求,工作,,same_answer_exact,95-100,100,完全一样,
37,按兵不动,按兵不动,成语,,same_answer_exact,95-100,100,完全一样,
38,翻译,翻译,学习,,same_answer_exact,95-100,100,完全一样,
39,整理,整理,学习,,same_answer_exact,95-100,100,完全一样,
40,守墓人,守墓人,狼人杀,,same_answer_exact,95-100,100,完全一样,
41,心理,心理,学科,,same_answer_exact,95-100,100,完全一样,
42,皮肤,皮肤,游戏,,same_answer_exact,95-100,100,完全一样,
43,陨石,陨石,宇宙,,same_answer_exact,95-100,100,完全一样,
44,石像鬼,石像鬼,狼人杀,,same_answer_exact,95-100,100,完全一样,
45,拍照,拍照,旅游,,same_answer_exact,95-100,100,完全一样,
46,先知,先知,狼人杀,,same_answer_exact,95-100,100,完全一样,
47,迈步,迈步,动作,,same_answer_exact,95-100,100,完全一样,
48,做作业,做作业,学习,,same_answer_exact,95-100,100,完全一样,
49,刻舟求剑,刻舟求剑,歇后语,,same_answer_exact,95-100,100,完全一样,
50,安检,安检,旅游,,same_answer_exact,95-100,100,完全一样,
51,邮轮,邮轮,旅游,,same_answer_exact,95-100,100,完全一样,
52,淋浴,淋浴,生活,,same_answer_exact,95-100,100,完全一样,
53,抬头,抬头,动作,,same_answer_exact,95-100,100,完全一样,
54,徒步,徒步,旅游,,same_answer_exact,95-100,100,完全一样,
55,张学友,张学友,歌手,,same_answer_exact,95-100,100,完全一样,
56,粥品,粥品,美食,,same_answer_exact,95-100,100,完全一样,
57,霜降,霜降,节日,,same_answer_exact,95-100,100,完全一样,
58,极光,极光,风景,,same_answer_exact,95-100,100,完全一样,
59,出境,出境,旅游,,same_answer_exact,95-100,100,完全一样,
60,小年,小年,节日,,same_answer_exact,95-100,100,完全一样,
61,理发,理发,生活,,same_answer_exact,95-100,100,完全一样,
62,张信哲,张信哲,歌手,,same_answer_exact,95-100,100,完全一样,
63,灵笼,灵笼,动漫,,same_answer_exact,95-100,100,完全一样,
64,粽子,粽子,美食,,same_answer_exact,95-100,100,完全一样,
65,咒术回战,咒术回战,动漫,,same_answer_exact,95-100,100,完全一样,
66,加班,加班,工作,,same_answer_exact,95-100,100,完全一样,
67,收拾,收拾,生活,,same_answer_exact,95-100,100,完全一样,
68,灌篮高手,灌篮高手,动漫,,same_answer_exact,95-100,100,完全一样,
69,梯田,梯田,风景,,same_answer_exact,95-100,100,完全一样,
70,鸡犬升天,鸡犬升天,歇后语,,same_answer_exact,95-100,100,完全一样,
71,冰川,冰川,风景,,same_answer_exact,95-100,100,完全一样,
72,果汁,果汁,美食,,same_answer_exact,95-100,100,完全一样,
73,麻辣烫,麻辣烫,美食,,same_answer_exact,95-100,100,完全一样,
74,材料,材料,学科,,same_answer_exact,95-100,100,完全一样,
75,走位,走位,游戏,,same_answer_exact,95-100,100,完全一样,
76,盲人摸象,盲人摸象,成语,,same_answer_exact,95-100,100,完全一样,
77,体面,体面,歌曲,,same_answer_exact,95-100,100,完全一样,
78,失落,失落,感情,,same_answer_exact,95-100,100,完全一样,
79,杯水车薪,杯水车薪,歇后语,,same_answer_exact,95-100,100,完全一样,
80,跳跃,跳跃,动作,,same_answer_exact,95-100,100,完全一样,
81,下线,关闭功能,工作,,hint_like_high,70-90,20,下线包含关闭的意思但关联度确实不高,
82,压抑,郁结,感情,,hint_like_high,70-90,60,都有抑郁的情感色彩但不完全一样,
83,挑灯夜战,熬到很晚,成语,,hint_like_high,70-90,80,意思接近但后者非成语,
84,美少女战士,变身,动漫,,hint_like_high,70-90,40,变身只是美少女战士的一个元素,
85,化学,溶液配比,学科,,hint_like_high,70-90,50,化学包含溶液配比但后者只是前者的一个方面,
86,湖泊,群山环抱,风景,,hint_like_high,70-90,30,群山环抱的未必是湖泊,
87,鸡犬升天,沾光跟着,歇后语,,hint_like_high,70-90,80,意思接近但后者非歇后语,
88,草船借箭,计谋,典故,,hint_like_high,70-90,70,后者包含前者,
89,合成,产出装备,游戏,,hint_like_high,70-90,80,合成包含产出装备但后者只是前者的一个方面,
90,预备役,待命,狼人杀,,hint_like_high,70-90,55,内容接近,
91,银河,亿万恒体,宇宙,,hint_like_high,70-90,80,意思接近但后者非宇宙,
92,白露,地表湿,节日,,hint_like_high,70-90,80,意思接近但后者非节日,
93,斗罗大陆,武魂,动漫,,hint_like_high,70-90,70,都为动漫,
94,挥手,抬前臂,动作,,hint_like_high,70-90,90,意思接近,
95,花木兰,巾帼英雄,人物,,hint_like_high,70-90,70,包含关系,
96,背水一战,退无可退,典故,,hint_like_high,70-90,80,环境相同,
97,灯谜,元宵娱乐,文化,,hint_like_high,70-90,70,包含关系,
98,惊蛰,节气点,节日,,hint_like_high,70-90,70,节气点包含在节日中,
99,皮影,幕后操偶,文化,,hint_like_high,70-90,80,较为接近,
100,麻雀虽小,不缺要素,歇后语,,hint_like_high,70-90,80,内容接近,
101,小葱拌豆腐,清清楚楚,歇后语,,hint_like_high,70-90,50,后者非歇后语,
102,露营,搭帐篷,旅游,,hint_like_high,70-90,70,露营包含搭帐篷,
103,花鼓,踏步节奏,文化,,hint_like_high,70-90,60,关联度中等,
104,惊喜,猝不及防,情感,,hint_like_high,70-90,40,惊喜包含猝不及防但后者关联度确实不高,
105,狐妖小红娘,搞笑,动漫,,hint_like_high,70-90,30,关联度不高,
106,合成,词缀打造,游戏,,hint_like_high,70-90,40,词缀仅仅是合成的一小部分内容,
107,阅读,看文字,学习,,hint_like_high,70-90,60,阅读包含看文字,
108,千与千寻,魔法,动漫,,hint_like_high,70-90,30,有关联但不高,
109,社火,民间踩街,文化,,hint_like_high,70-90,40,社火包含民间踩街但后者关联度确实不高,
110,诸葛亮,出师表,人物,,hint_like_high,70-90,95,出师表直接能联想到诸葛亮,
111,斗罗大陆,修炼,动漫,,hint_like_high,70-90,70,包含关系,
112,青花瓷,雅致,歌曲,,hint_like_high,70-90,30,字面意思有关联，但前者是歌曲，关联度降低,
113,外卖,门口取,生活,,hint_like_high,70-90,55,有关联，但联想程度不高,
114,盘腿,坐定,动作,,hint_like_high,70-90,70,字面意思有关联系,
115,漫步,巷子穿行,旅游,,hint_like_high,70-90,50,关联度中等,
116,入职,报到登记,工作,,hint_like_high,70-90,80,关联度较高，报到登记是入职的一个重要环节,
117,历史,时序,学科,,hint_like_high,70-90,30,某种意义上的关联，但很难联想,
118,处暑,热退去,节日,,hint_like_high,70-90,60,对处暑的解释,
119,重阳,菊花酒,节日,,hint_like_high,70-90,70,重阳节有喝菊花酒的习俗,
120,迈步,移动,动作,,hint_like_high,70-90,65,迈步确实会产生移动,
121,排查,异常点,工作,,hint_like_high,70-90,70,有先后顺序,
122,竹海,风起摇曳,风景,,hint_like_high,70-90,40,风吹过竹子,
123,杨戬,神将,神话,,hint_like_high,70-90,60,包含关系,
124,教育,师生,学科,,hint_like_high,70-90,50,教育包含师生但后者只是前者的一个方面,
125,咒术回战,法门,动漫,,hint_like_high,70-90,60,包含关系,
126,理发,围布,生活,,hint_like_high,70-90,50,理发包含围布但后者只是前者的一个方面,
127,杯弓蛇影,恐慌由假,成语,,hint_like_high,70-90,70,意思接近,
128,复习,翻旧笔记,学习,,hint_like_high,70-90,80,复习包含翻旧笔记,
129,望远镜,天文器,宇宙,,hint_like_high,70-90,60,包含关系,
130,四面楚歌,无路可退,典故,,hint_like_high,70-90,80,环境相同,
131,弓步,稳住,动作,,hint_like_high,70-90,40,字面意思有关联。但很难联系那个动作,
132,刮骨疗毒,壮士断腕,典故,,hint_like_high,70-90,40,情感上有联系，但前者属于关羽，华佗，三国独有,
133,船到桥头,终会解决,歇后语,,hint_like_high,70-90,80,语义接近,
134,星球,表面坑,宇宙,,hint_like_high,70-90,50,表面坑包含在星球中但关联度不高,
135,视角,镜头位置,游戏,,hint_like_high,70-90,80,词义上接近，但后者只是前者的一个方面,
136,天空之城,冒险,动漫,,hint_like_high,70-90,40,冒险太笼统了,
137,完璧归赵,巧辩,典故,,hint_like_high,70-90,20,关联度不高,
138,踮脚,前掌起,动作,,hint_like_high,70-90,40,字面意思有关联，但很难联系那个动作,
139,坐船,桨划水面,旅游,,hint_like_high,70-90,50,关联度中等,
140,凿壁借光,夜读无灯,典故,,hint_like_high,70-90,85,后者为解释,
141,杨戬,劈山救母,神话,,hint_like_high,70-90,80,后者为前者具体事迹,
142,做家务,清理屋,生活,,hint_like_high,70-90,90,非常接近了,
143,羡慕,眼红,感情,,hint_like_high,70-90,90,非常接近了,
144,晚霞,云层晕彩,风景,,hint_like_high,70-90,70,关联度中等,
145,班固,史书,人物,,hint_like_high,70-90,80,后者为事迹，但不单属于前者,
146,应龙,飞天,神话,,hint_like_high,70-90,80,关联度较高,
147,医学,诊断治疗,学科,,hint_like_high,70-90,70,包含关系,
148,三令五申,反复说明,典故,,hint_like_high,70-90,80,关联度较高,
149,粥品,清淡,美食,,hint_like_high,70-90,50,关联度中等,
150,策略,博弈思考,游戏,,hint_like_high,70-90,50,关联度中等,
151,懊悔,自责,感情,,hint_like_high,70-90,80,感情接近,
152,管理,执行,学科,,hint_like_high,70-90,50,管理包含执行但后者只是前者的一个方面,
153,自驾,路线随定,旅游,,hint_like_high,70-90,40,有关联但是很难联想,
154,屈原,端午纪念,人物,,hint_like_high,70-90,90,关联度很高,
155,露营,看星星,旅游,,hint_like_high,70-90,60,后者是前者一部分，但不是主体关联,
156,社会,人群,学科,,hint_like_high,70-90,50,关联度中等,
157,糖葫芦,冰晶壳,美食,,hint_like_high,70-90,60,外观描述,
158,立冬,寒意重,节日,,hint_like_high,70-90,90,关联度较高,
159,泡汤,室外池边,旅游,,hint_like_high,70-90,60,后者范围有点大,
160,泡澡,热水,生活,,hint_like_high,70-90,80,较为接近,
161,过图,进下关,游戏,,hint_like_high,70-90,60,还是不好猜到,
162,提问,澄清疑惑,学习,,hint_like_high,70-90,50,行为不同,
163,土星,气体球,宇宙,,hint_like_high,70-90,60,后者范围大,
164,光年,测天距,宇宙,,hint_like_high,70-90,90,很接近,
165,掉线,连接断,游戏,,hint_like_high,70-90,80,关联度较高,
166,停下,不再动,动作,,hint_like_high,70-90,80,关联度较高,
167,数学,方程求解,学科,,hint_like_high,70-90,85,后者根据学科内容较容易联想到答案,
168,毛不易,创作,歌手,,hint_like_high,70-90,60,后者范围过大,
169,计算,代码实现,学科,,hint_like_high,70-90,30,关联度不高,
170,真挚,情感纯粹,情感,,hint_like_high,70-90,80,关联度较高,
171,周深,治愈,歌手,,hint_like_high,70-90,10,不搭界，周深没唱过治愈,
172,三顾茅庐,求才若渴,典故,,hint_like_high,70-90,70,字面意思接近,
173,画蛇添足,适得其反,成语,,hint_like_high,70-90,70,仅字面意思接近,
174,红豆,温柔,歌曲,,hint_like_high,70-90,30,后者仅是前者的一种情绪表达，关联度不高,
175,闯关,最终战斗,游戏,,hint_like_high,70-90,30,后者表示最后一关，前者并不是特指最后一关，关联度不高,
176,暗能量,占比高,宇宙,,hint_like_high,70-90,30,关联度不高,
177,烧饼,外脆内软,美食,,hint_like_high,70-90,60,后者范围过大,
178,秃子头上,无遮无掩,歇后语,,hint_like_high,70-90,70,字面意思接近,
179,指鹿为马,强词夺理,典故,,hint_like_high,70-90,70,前者具体事件，后者解释而已,
180,言叶之庭,治愈,动漫,,hint_like_high,70-90,30,后者是前者的一个情感，但很难联想到前者,
181,日报,每天写,工作,,hint_like_high,70-90,70,关联度接近,
182,狼王,强换,狼人杀,,hint_like_high,70-90,50,感觉后者根据前者分析的结果，而不是后者猜测前者,
183,山谷,底部冲刷,风景,,hint_like_high,70-90,50,底部接近，冲刷联想过弱,
184,守口如瓶,不外传,成语,,hint_like_high,70-90,80,关联度较高,
185,挟天子,掌控象征,典故,,hint_like_high,70-90,50,接近但不高,
186,工程,土木,学科,,hint_like_high,70-90,90,联想度很高,
187,投笔从戎,奔赴战场,典故,,hint_like_high,70-90,70,后者没有描述到投笔的含义,
188,篆书,字形古雅,文化,,hint_like_high,70-90,70,包含,
189,梁静茹,情歌,歌手,,hint_like_high,70-90,50,关联度中等,
190,秧歌,热闹队伍,文化,,hint_like_high,70-90,60,有关联但不高,
191,预习,先熟悉,学习,,hint_like_high,70-90,90,很接近,
192,画地为牢,自我束缚,成语,,hint_like_high,70-90,80,关联度较高,
193,玄武,黑色,神话,,hint_like_high,70-90,50,玄武是四象之一，代表北方和水，虽然常被描绘为黑色，但并非其唯一特征，,
194,跳跃,落地缓冲,动作,,hint_like_high,70-90,60,关联度中等,
195,海洋,潮汐,学科,,hint_like_high,70-90,70,关联度中等,
196,侧步,左右挪,动作,,hint_like_high,70-90,70,字面意思接近，联想度不高,
197,阅读,沉浸,学习,,hint_like_high,70-90,80,后者较容易猜测到前者,
198,三顾茅庐,反复邀请,典故,,hint_like_high,70-90,80,关联度较高,
199,走位,躲技能,游戏,,hint_like_high,70-90,90,很接近,
200,评弹,书场表演,文化,,hint_like_high,70-90,90,很接近,
201,名不副实,华而无用,成语,,hint_like_high,70-90,70,字面意思接近,
202,对齐,同步目标,工作,,hint_like_high,70-90,90,联想度高,
203,文学,小说戏剧,学科,,hint_like_high,70-90,70,前者是后者的一个分支，关联度较高,
204,挑灯夜战,通宵赶工,成语,,hint_like_high,70-90,70,字面意思接近,
205,追剧,下一集,生活,,hint_like_high,70-90,50,关联度中等,
206,命运之夜,传说,动漫,,hint_like_high,70-90,40,关联度不高,
207,伸展,舒缓紧绷,动作,,hint_like_high,70-90,60,关联度中等,
208,百发百中,手感准,成语,,hint_like_high,70-90,70,字面意思接近,
209,黄鼠狼拜年,暗藏坏心,歇后语,,hint_like_high,70-90,80,相似度较高,
210,策略,排兵布阵,游戏,,hint_like_high,70-90,70,后者属于前者一种,
211,排查,找问题,工作,,hint_like_high,70-90,90,联想度很高,
212,挤压,缩体积,动作,,hint_like_high,70-90,70,后者过于口语化,
213,刷牙,早晚做,生活,,hint_like_high,70-90,50,后者范围较广,
214,购物,比价,生活,,hint_like_high,70-90,60,关联度中等,
215,油菜花,一片黄,风景,,hint_like_high,70-90,50,后者范围较广,
216,小行星,多碎石,宇宙,,hint_like_high,70-90,50,后者范围较广,
217,文天祥,丹心,人物,,hint_like_high,70-90,90,人物著作中提到丹心，关联度较高,
218,卧冰求鲤,寒冷之举,典故,,hint_like_high,70-90,70,字面意思接近,
219,老子,函谷关,人物,,hint_like_high,70-90,80,后者易于联想到前者,
220,唇亡齿寒,命运相连,成语,,hint_like_high,70-90,90,关联度较高,
221,幽游白书,伙伴,动漫,,hint_like_high,70-90,50,后者范围较广,
222,早起,先洗漱,生活,,hint_like_high,70-90,60,关联度中等,
223,龙舟,长形船体,文化,,hint_like_high,70-90,50,后者范围较广,
224,心猿意马,浮躁,成语,,hint_like_high,70-90,70,语义较为接近,
225,租房,合同,生活,,hint_like_high,70-90,50,后者范围较广,
226,释怀,不再挂,情感,,hint_like_high,70-90,70,字面意思接近,
227,计算,编码开发,学科,,hint_like_high,70-90,60,关联度中等,
228,熬夜,次日困,生活,,hint_like_high,70-90,70,二者有先后顺序,
229,外星人,未知生命,宇宙,,hint_like_high,70-90,70,联想能力中等,
230,鲲鹏,扶摇直上,神话,,hint_like_high,70-90,80,关联度较高,
231,模拟,提前熟悉,学习,,hint_like_high,70-90,50,关联度中等,
232,订房,确认日期,旅游,,hint_like_high,70-90,50,关联度中等,
233,修灯,检查线,生活,,hint_like_high,70-90,60,关联度中等,
234,相声,包袱连连,文化,,hint_like_high,70-90,80,关联度较高,
235,秧歌,扭动队列,文化,,hint_like_high,70-90,70,关联度中等,
236,潜伏,等时机,动作,,hint_like_high,70-90,80,关联度较高,
237,犬夜叉,破魔,动漫,,hint_like_high,70-90,80,易于联想,
238,豆花,勺舀,美食,,hint_like_high,70-90,50,后者为前者的动作行为,
239,雷公,神话神,神话,,hint_like_high,70-90,50,后者范围较广,
240,大暑,找阴凉,节日,,hint_like_high,70-90,70,字面意思接近,
241,上网,信号满,生活,,hint_like_high,70-90,70,信号满容易联想到手机或者WIFI,
242,实验,现象观察,学习,,hint_like_high,70-90,80,关联度较高,
243,京剧,国粹舞台,文化,,hint_like_high,70-90,80,关联度较高,
244,逛馆,展厅,旅游,,hint_like_high,70-90,60,联想度不够,
245,猪八戒照镜,进退失据,歇后语,,hint_like_high,70-90,80,字面意思接近，但后者非歇后语,
246,林俊杰,舞台,歌手,,hint_like_high,70-90,50,后者范围较广,
247,诸葛亮,卧龙,,,alias_synonym_high,80-90,85,人工精调：历史别名,manual_patch
248,查阅,检索文献,学习,,hint_like_high,70-90,80,关联度较高,
249,激动,兴奋,感情,,hint_like_high,70-90,70,近义词,
250,拓印,石文摹写,文化,,hint_like_high,70-90,80,关联度较高,
251,镇魂街,战斗,动漫,,hint_like_high,70-90,50,后者范围较广,
252,鲛,海底歌,神话,,hint_like_high,70-90,80,关联度较高,
253,狼美人,绑线,狼人杀,,hint_like_high,70-90,20,连人更合适，绑线狼人杀没听说,
254,守夜人,深更出手,狼人杀,,hint_like_high,70-90,50,形容这个身份，但狼人杀术语中不适用,
255,俯卧,平躺反,动作,,hint_like_high,70-90,90,很接近,
256,望梅止渴,想象安慰,典故,,hint_like_high,70-90,50,后者范围较广,
257,依恋,想靠近,情感,,hint_like_high,70-90,50,后者范围较广,
258,幽游白书,战斗,动漫,,hint_like_high,70-90,50,后者范围较广,
259,混血儿,可变阵营,狼人杀,,hint_like_high,70-90,90,很接近,
260,做实验,器材,学习,,hint_like_high,70-90,80,关联度较高,
261,先知,预言家,狼人杀,,hint_like_high,70-90,100,二者几乎相等,
262,后退,保持距离,动作,,hint_like_high,70-90,70,后者联想度一般，也可联想成为前进,
263,斗罗大陆,成长,动漫,,hint_like_high,70-90,50,后者范围较广,
264,徒步,一路走,旅游,,hint_like_high,70-90,70,关联度中等,
265,名侦探柯南,黑衣,动漫,,hint_like_high,70-90,50,后者范围较广,
266,卧冰求鲤,故事流传,典故,,hint_like_high,70-90,50,后者范围较广,
267,后来我们,感慨,歌曲,,hint_like_high,70-90,50,后者范围较广,
268,心酸,涩涩,情感,,hint_like_high,70-90,50,后者范围较广,
269,刺客伍六七,任务,动漫,,hint_like_high,70-90,50,后者范围较广,
270,苏轼,美食家,人物,,hint_like_high,70-90,30,后者很难联想,
271,儿童节,学校活动,节日,,hint_like_high,70-90,70,学校联想度较高，但儿童节也有其他庆祝方式，关联度中等,
272,猪八戒照镜,夹在中间,歇后语,,hint_like_high,70-90,70,语义较为接近，但后者非歇后语,
273,郁闷,想叹气,情感,,hint_like_high,70-90,80,关联度较高,
274,里程碑,阶段目标,工作,,hint_like_high,70-90,90,语义相近,
275,盘瓠,犬神,神话,,hint_like_high,70-90,70,同类型,
276,戏曲,票友捧场,文化,,hint_like_high,70-90,50,后者范围较广,
277,逛馆,展品,旅游,,hint_like_high,70-90,60,关联度够了，但是二者词性不同,
278,塔防,资源分配,游戏,,hint_like_high,70-90,50,后者范围较广,
279,和尚打伞,肆意妄为,歇后语,,hint_like_high,70-90,50,后者范围较广,
280,修灯,梯子,生活,,hint_like_high,70-90,40,前者大部分需要后者，但后者和前者关联度不够高,
281,失落,伤心,感情,,same_category_mid,60-70,80,词义接近,
282,大鱼海棠,天空之城,动漫,,same_category_mid,60-70,70,都为动漫,
283,炸鸡,烤鸭,美食,,same_category_mid,60-70,70,种类相同,
284,同舟共济,锦上添花,成语,,same_category_mid,60-70,60,种类相同，但意义不同,
285,彩陶,评弹,文化,,same_category_mid,60-70,30,种类虽相同，但词义相差甚远,
286,哪吒,麒麟,神话,,same_category_mid,60-70,70,种类相同,
287,首领,沙盒,游戏,,same_category_mid,60-70,30,二者词义相差甚远,
288,理发,淋浴,生活,,same_category_mid,60-70,10,完全猜不到,
289,柳宗元,关羽,人物,,same_category_mid,60-70,20,都为名人，二者关联度低,
290,井然有序,叶公好龙,成语,,same_category_mid,60-70,20,二者关联度底,
291,小笼包,沙拉,美食,,same_category_mid,60-70,30,联想度低,
292,魔女宅急便,进击的巨人,动漫,,same_category_mid,60-70,60,种类相同,
293,理财,洗衣,生活,,same_category_mid,60-70,10,二者完全不搭界,
294,入职,自检,工作,,same_category_mid,60-70,10,二者完全不搭界,
295,八面玲珑,同舟共济,成语,,same_category_mid,60-70,20,二者词义关联度低,
296,露营,拍景,旅游,,same_category_mid,60-70,30,词义关联度较低,
297,寿司,粽子,美食,,same_category_mid,60-70,50,种类相同，词义不够接近,
298,副本,开荒,游戏,,same_category_mid,60-70,70,关联度较高,
299,苦闷,愤怒,感情,,same_category_mid,60-70,60,情感强度不同,
300,租车,托运,旅游,,same_category_mid,60-70,20,二者关联度低,
301,晴天,平凡之路,歌曲,,same_category_mid,60-70,20,都为歌曲，但联想度很低,
302,海岸,溪流,风景,,same_category_mid,60-70,30,都有水，总体关联度不高,
303,打扫,装修,生活,,same_category_mid,60-70,20,二者关联度低,
304,化学,法学,学科,,same_category_mid,60-70,50,都为学科,
305,塔防,视角,游戏,,same_category_mid,60-70,20,二者关联度低,
306,唇亡齿寒,守口如瓶,成语,,same_category_mid,60-70,20,二者关联度低,
307,大禹,盘瓠,神话,,same_category_mid,60-70,30,二者关联度低,
308,销假,催办,工作,,same_category_mid,60-70,20,二者关联度低,
309,汤圆,饺子,美食,,same_category_mid,60-70,70,关联度较高,
310,超新星,轨道,宇宙,,same_category_mid,60-70,20,二者关联度低,
311,锦上添花,顺水推舟,成语,,same_category_mid,60-70,20,二者关联度低,
312,楹联,相声,文化,,same_category_mid,60-70,50,种类相同,
313,伸展,俯卧,动作,,same_category_mid,60-70,50,动作类型相似,
314,背水一战,闻鸡起舞,典故,,same_category_mid,60-70,30,关联度低,
315,自相矛盾,杯弓蛇影,成语,,same_category_mid,60-70,30,关联度低,
316,熬夜,网购,生活,,same_category_mid,60-70,20,关联度低,
317,云雾,茶园,风景,,same_category_mid,60-70,20,关联度低,
318,公会,手柄,游戏,,same_category_mid,60-70,30,关联度低,
319,练习,阅读,学习,,same_category_mid,60-70,30,关联度低,
320,夜色,海岸,风景,,same_category_mid,60-70,20,关联度低,
321,女巫,丘比特,狼人杀,,same_category_mid,60-70,70,关联度较高,
322,古城,云雾,风景,,same_category_mid,60-70,40,关联度低,
323,高山流水,程门立雪,典故,,same_category_mid,60-70,20,关联度低,
324,出境,背包,旅游,,same_category_mid,60-70,20,关联度低,
325,韩信,文天祥,人物,,same_category_mid,60-70,30,都是历史人物，但关联度不高,
326,欣喜,郁闷,情感,,same_category_mid,60-70,20,都快反义词了,
327,卧冰求鲤,围魏救赵,典故,,same_category_mid,60-70,20,成语关联度不高,
328,银魂,魔女宅急便,动漫,,same_category_mid,60-70,50,均为动漫，但猜不到,
329,后来,演员,歌曲,,same_category_mid,60-70,30,二者联想度低,
330,欣赏,欣慰,情感,,same_category_mid,60-70,60,有相同的字但意思不对,
331,驯熊师,白痴,狼人杀,,same_category_mid,60-70,70,关联度较高,
332,收拾,丢垃圾,生活,,same_category_mid,60-70,70,关联度较高,
333,毛遂自荐,单刀赴会,典故,,same_category_mid,60-70,20,关联度低,
334,医学,逻辑,学科,,same_category_mid,60-70,20,关联度较高,
335,默写,预读,学习,,same_category_mid,60-70,20,关联度低,
336,技能,策略,游戏,,same_category_mid,60-70,20,关联度低,
337,麻花,月饼,美食,,same_category_mid,60-70,20,关联度低,
338,天王星,海王星,宇宙,,same_category_mid,60-70,70,关联度较高,
339,植物,生态,学科,,same_category_mid,60-70,40,关联度中等,
340,烤鱼,粥品,美食,,same_category_mid,60-70,30,都是吃的，仅此而已,
341,生物,地理,学科,,same_category_mid,60-70,50,关联度中等,
342,兔子尾巴,铁公鸡,歇后语,,same_category_mid,60-70,20,二者关联度底,
343,愤懑,敬佩,情感,,same_category_mid,60-70,30,关联度底,
344,夜曲,平凡之路,歌曲,,same_category_mid,60-70,40,猜不到,
345,悲伤,温馨,感情,,same_category_mid,60-70,30,关联度底,
346,温柔,感动,情感,,same_category_mid,60-70,30,关联度底,
347,流星雨,陨石,宇宙,,same_category_mid,60-70,60,关联度中等,
348,屈原,诸葛亮,人物,,same_category_mid,60-70,30,都是历史人物，但关联度不高,
349,锦上添花,自相矛盾,成语,,same_category_mid,60-70,20,仅为成语，关联度低,
350,陨石,暗能量,宇宙,,same_category_mid,60-70,20,关联度底,
351,面条,三明治,美食,,same_category_mid,60-70,30,都是吃的，仅此而已,
352,火锅,咖喱,美食,,same_category_mid,60-70,30,都是吃的，仅此而已,
353,风之谷,龙猫,动漫,,same_category_mid,60-70,40,关联度中等,
354,小葱拌豆腐,刻舟求剑,歇后语,,same_category_mid,60-70,30,关联度低,
355,禁锢者,驯熊师,狼人杀,,same_category_mid,60-70,70,都为狼人杀，范围接近,
356,灌篮高手,夏目友人帐,动漫,,same_category_mid,60-70,50,关联度中等,
357,风之谷,刺客伍六七,动漫,,same_category_mid,60-70,50,关联度中等,
358,起床,通话,生活,,same_category_mid,60-70,20,二者不搭界,
359,落座,踢踏,动作,,same_category_mid,60-70,20,二者不搭界,
360,弹跳,盘腿,动作,,same_category_mid,60-70,20,二者不搭界,
361,雪峰,樱花,风景,,same_category_mid,60-70,20,猜不到的,
362,丢垃圾,通话,生活,,same_category_mid,60-70,10,猜不到的,
363,雨水,谷雨,节日,,same_category_mid,60-70,60,有字相同,
364,网球王子,铃芽之旅,动漫,,same_category_mid,60-70,50,关联度中等,
365,草原,海浪,风景,,same_category_mid,60-70,30,语义不够接近,
366,猪八戒照镜,瓜田李下,歇后语,,same_category_mid,60-70,20,语义不同,
367,升级,组队,游戏,,same_category_mid,60-70,60,关联度中等,
368,哲学,心理,学科,,same_category_mid,60-70,20,语义不同,
369,收拾,租房,生活,,same_category_mid,60-70,20,语义不同,
370,郁闷,热切,情感,,same_category_mid,60-70,20,语义不同,
371,评弹,龙舟,文化,,same_category_mid,60-70,20,语义不同,
372,拍照,行李,旅游,,same_category_mid,60-70,20,语义不同,
373,通话,理财,生活,,same_category_mid,60-70,20,语义不同,
374,弹跳,弓步,动作,,same_category_mid,60-70,20,语义不同,
375,白居易,张衡,人物,,same_category_mid,60-70,40,都是历史人物，但关联度不高,
376,豆花,火锅,美食,,same_category_mid,60-70,30,都是吃的，仅此而已,
377,理发,做饭,生活,,same_category_mid,60-70,20,都是生活活动，但关联度不高,
378,运动,通勤,生活,,same_category_mid,60-70,10,二者不搭界,
379,幽游白书,斗破苍穹,动漫,,same_category_mid,60-70,50,均为动漫，语义不同,
380,鹤立鸡群,画饼充饥,成语,,same_category_mid,60-70,30,均为成语，关联度低,
381,死神,全职高手,动漫,,same_category_mid,60-70,50,均为动漫，语义不同,
382,归纳,考试,学习,,same_category_mid,60-70,40,都是学习活动，但关联度不高,
383,溪流,稻田,风景,,same_category_mid,60-70,20,都是风景，但关联度不高,
384,夏目友人帐,秦时明月,动漫,,same_category_mid,60-70,50,均为动漫，语义不同,
385,连击,教程,游戏,,same_category_mid,60-70,20,都是游戏活动，但关联度不高,
386,嫉妒,释然,感情,,same_category_mid,60-70,30,语义不同,
387,许嵩,邓紫棋,歌手,,same_category_mid,60-70,40,都是歌手，但关联度不高,
388,杨千嬅,林俊杰,歌手,,same_category_mid,60-70,40,都是歌手，但关联度不高,
389,拍照,泡汤,旅游,,same_category_mid,60-70,20,语义不同,
390,王安石,李时珍,人物,,same_category_mid,60-70,40,都是历史人物，但关联度不高,
391,麻花,汤圆,美食,,same_category_mid,60-70,30,都是吃的，仅此而已,
392,石像鬼,狼王,狼人杀,,same_category_mid,60-70,70,都为狼人杀，范围接近,
393,愤怒,烦躁,感情,,same_category_mid,60-70,30,语义不同,
394,翻滚,抬头,动作,,same_category_mid,60-70,20,语义不同,
395,张杰,王力宏,歌手,,same_category_mid,60-70,40,都是歌手，但关联度不高,
396,森林,草甸,风景,,same_category_mid,60-70,30,都是风景，但关联度不高,
397,溪流,冰川,风景,,same_category_mid,60-70,30,都是风景，但关联度不高,
398,石雕,篆刻,文化,,same_category_mid,60-70,40,都是文化，但关联度不高,
399,花鼓,京剧,文化,,same_category_mid,60-70,40,都是文化，但关联度不高,
400,塔防,手柄,游戏,,same_category_mid,60-70,30,都是游戏，但关联度不高,
401,舞狮,龙舟,文化,,same_category_mid,60-70,40,都是文化，但关联度不高,
402,稻香,告白,歌曲,,same_category_mid,60-70,60,关联度中等,
403,紧张,焦虑,感情,,same_category_mid,60-70,30,语义不同,
404,花田,夜色,风景,,same_category_mid,60-70,30,都是风景，但关联度不高,
405,村民,影子,狼人杀,,same_category_mid,60-70,70,都为狼人杀，范围接近,
406,孤寂,无奈,情感,,same_category_mid,60-70,30,语义不同,
407,拍照,免税,旅游,,same_category_mid,60-70,20,语义不同,
408,网球王子,游戏王,动漫,,same_category_mid,60-70,50,关联度中等,
409,烦闷,心酸,情感,,same_category_mid,60-70,30,语义不同,
410,后来,告白气球,歌曲,,same_category_mid,60-70,60,关联度中等,
411,看展,坐船,旅游,,same_category_mid,60-70,20,语义不同,
412,心酸,释怀,情感,,same_category_mid,60-70,30,语义不同,
413,圣斗士,龙猫,动漫,,same_category_mid,60-70,50,关联度中等,
414,国画,楹联,文化,,same_category_mid,60-70,40,都是文化，但关联度不高,
415,真空,轨道,宇宙,,same_category_mid,60-70,30,都是宇宙相关，但关联度不高,
416,火星,金星,宇宙,,same_category_mid,60-70,40,都是宇宙相关，但关联度不高,
417,转机,免税,旅游,,same_category_mid,60-70,20,语义不同,
418,陈奕迅,李荣浩,歌手,,same_category_mid,60-70,40,都是歌手，但关联度不高,
419,张衡,班固,人物,,same_category_mid,60-70,40,都是历史人物，但关联度不高,
420,丢垃圾,搬家,生活,,same_category_mid,60-70,20,语义不同,
421,草原,林间,风景,,same_category_mid,60-70,30,都是风景，但关联度不高,
422,纸上谈兵,望梅止渴,典故,,same_category_mid,60-70,30,都是历史典故，但关联度不高,
423,肉夹馍,烤鱼,美食,,same_category_mid,60-70,30,都是吃的，仅此而已,
424,破釜沉舟,居安思危,典故,,same_category_mid,60-70,30,都是历史典故，但关联度不高,
425,煎饼,甜品,美食,,same_category_mid,60-70,30,都是吃的，仅此而已,
426,瓜田李下,老鼠过街,歇后语,,same_category_mid,60-70,30,都是歇后语，但关联度不高,
427,陨石,星球,宇宙,,same_category_mid,60-70,40,都是宇宙相关，但关联度不高,
428,八面玲珑,杯弓蛇影,成语,,same_category_mid,60-70,30,都是成语，但关联度不高,
429,读书,通风,生活,,same_category_mid,60-70,20,语义不同,
430,起身,俯卧,动作,,same_category_mid,60-70,20,语义不同,
431,相柳,刑天,神话,,same_category_mid,60-70,40,都是神话，但关联度不高,
432,对牛弹琴,掩耳盗铃,成语,,same_category_mid,60-70,30,都是成语，但关联度不高,
433,雨水,处暑,节日,,same_category_mid,60-70,30,都是节日，但关联度不高,
434,匆匆那年,稻香,歌曲,,same_category_mid,60-70,60,关联度中等,
435,夜曲,晴天,歌曲,,same_category_mid,60-70,60,关联度中等,
436,天气之子,咒术回战,动漫,,same_category_mid,60-70,50,关联度中等,
437,樱桃小丸子,魔女宅急便,动漫,,same_category_mid,60-70,50,关联度中等,
438,国庆,万圣节,节日,,same_category_mid,60-70,30,都是节日，但关联度不高,
439,画龙点睛,画地为牢,成语,,same_category_mid,60-70,30,都是成语，但关联度不高,
440,守护神,狼美人,狼人杀,,same_category_mid,60-70,70,都为狼人杀，范围接近,
441,丢垃圾,洗漱,生活,,same_category_mid,60-70,20,语义不同,
442,沙拉,果汁,美食,,same_category_mid,60-70,30,都是吃的，仅此而已,
443,猎魔人,机械狼,狼人杀,,same_category_mid,60-70,70,都为狼人杀，范围接近,
444,惆怅,惬意,情感,,same_category_mid,60-70,30,语义不同,
445,小暑,万圣节,节日,,same_category_mid,60-70,30,都是节日，但关联度不高,
446,河伯,神农,神话,,same_category_mid,60-70,60,都是神话，但关联度不高,
447,鲛人,麒麟,神话,,same_category_mid,60-70,60,都是神话，但关联度不高,
448,超新星,星系,宇宙,,same_category_mid,60-70,40,都是宇宙相关，但关联度不高,
449,镇魂街,名侦探柯南,动漫,,same_category_mid,60-70,50,关联度中等,
450,划点,提问,学习,,same_category_mid,60-70,20,语义不同,
451,一人之下,咒术回战,动漫,,same_category_mid,60-70,50,关联度中等,
452,白泽,鲲鹏,神话,,same_category_mid,60-70,60,都是神话，但关联度不高,
453,灵笼,天空之城,动漫,,same_category_mid,60-70,50,关联度中等,
454,交接,自检,工作,,same_category_mid,60-70,20,语义不同,
455,对牛弹琴,画地为牢,成语,,same_category_mid,60-70,30,都是成语，但关联度不高,
456,培训,加班,工作,,same_category_mid,60-70,20,语义不同,
457,行星,超新星,宇宙,,same_category_mid,60-70,40,都是宇宙相关，但关联度不高,
458,溪流,湖泊,风景,,same_category_mid,60-70,30,都是风景，但关联度不高,
459,完璧归赵,退避三舍,典故,,same_category_mid,60-70,30,都是历史典故，但关联度不高,
460,夸父,夔牛,神话,,same_category_mid,60-70,60,都是神话，但关联度不高,
461,郁闷,惋惜,情感,,same_category_mid,60-70,30,语义不同,
462,追剧,打扫,生活,,same_category_mid,60-70,20,语义不同,
463,相柳,西王母,神话,,same_category_mid,60-70,40,都是神话，但关联度不高,
464,背诵,朗读,学习,,same_category_mid,60-70,40,都是学习，但关联度不高,
465,青之驱魔师,铃芽之旅,动漫,,same_category_mid,60-70,50,关联度中等,
466,交付,评审,工作,,same_category_mid,60-70,40,范围接近，语义不同,
467,拍景,看展,旅游,,same_category_mid,60-70,20,语义不同,
468,青龙,刑天,神话,,same_category_mid,60-70,40,都是神话，但关联度不高,
469,收拾,午休,生活,,same_category_mid,60-70,20,语义不同,
470,外星人,星球,宇宙,,same_category_mid,60-70,40,都是宇宙相关，但关联度不高,
471,岳飞,李时珍,人物,,same_category_mid,60-70,40,都是历史人物，但关联度不高,
472,言叶之庭,画江湖,动漫,,same_category_mid,60-70,40,都是历史人物，但关联度不高,
473,按部就班,画地为牢,成语,,same_category_mid,60-70,30,都是成语，但关联度不高,
474,背水一战,高山流水,典故,,same_category_mid,60-70,30,都是历史典故，但关联度不高,
475,数学,生态,学科,,same_category_mid,60-70,40,都是学科，但关联度不高,
476,熬夜,晒衣,生活,,same_category_mid,60-70,20,语义不同,
477,李清照,秦始皇,人物,,same_category_mid,60-70,40,都是历史人物，但关联度不高,
478,孙悟空,蒲松龄,人物,,same_category_mid,60-70,40,都是历史人物，但关联度不高,
479,戏曲,皮影,文化,,same_category_mid,60-70,40,都是历史文化，但关联度不高,
480,平静,冷淡,情感,,same_category_mid,60-70,30,都是情感，但关联度不高,
481,烦闷,依恋,情感,,same_category_mid,60-70,30,都是情感，但关联度不高,
482,抬头,点头,动作,,same_category_mid,60-70,20,语义不同,
483,妖精尾巴,一人之下,动漫,,same_category_mid,60-70,50,关联度中等,
484,图穷匕见,破釜沉舟,典故,,same_category_mid,60-70,30,都是历史典故，但关联度不高,
485,语文,地质,学科,,same_category_mid,60-70,40,都是学科，但关联度不高,
486,悬崖,古镇,风景,,same_category_mid,60-70,30,都是风景，但关联度不高,
487,千与千寻,命运之夜,动漫,,same_category_mid,60-70,50,关联度中等,
488,羡慕,惊讶,感情,,same_category_mid,60-70,30,都是情感，但关联度不高,
489,单刀赴会,悬梁刺股,典故,,same_category_mid,60-70,30,都是历史典故，但关联度不高,
490,邮轮,看夜景,旅游,,same_category_mid,60-70,40,语义不同,
491,风之谷,虹猫蓝兔,动漫,,same_category_mid,60-70,50,关联度中等,
492,篆书,篆刻,文化,,same_category_mid,60-70,40,都是历史文化，但关联度不高,
493,灵笼,鬼灭之刃,动漫,,same_category_mid,60-70,50,关联度中等,
494,对牛弹琴,唇亡齿寒,成语,,same_category_mid,60-70,30,都是成语，但关联度不高,
495,首领,战绩,游戏,,same_category_mid,60-70,40,都是游戏，但关联度不高,
496,开心,惬意,感情,,same_category_mid,60-70,70,都是情感，但关联度高,
497,雷公,应龙,神话,,same_category_mid,60-70,60,都是神话，但关联度不高,
498,教程,公会,游戏,,same_category_mid,60-70,40,都是游戏，但关联度不高,
499,租车,集章,旅游,,same_category_mid,60-70,40,都是旅游，但关联度不高,
500,井水不犯,秀才遇鬼,歇后语,,same_category_mid,60-70,30,都是歇后语，但关联度不高,
501,白虎,玄女,神话,,same_category_mid,60-70,60,都是神话，但关联度不高,
502,女娲,朱雀,神话,,same_category_mid,60-70,60,都是神话，但关联度不高,
503,负荆请罪,三令五申,典故,,same_category_mid,60-70,30,都是历史典故，但关联度不高,
504,斗罗大陆,死神,动漫,,same_category_mid,60-70,50,关联度中等,
505,狐妖小红娘,银魂,动漫,,same_category_mid,60-70,50,关联度中等,
506,做题,记忆,学习,,same_category_mid,60-70,40,都是学习，但关联度不高,
507,妖精尾巴,喜羊羊,动漫,,same_category_mid,60-70,50,关联度中等,
508,猎魔人,梦魇,狼人杀,,same_category_mid,60-70,70,都为狼人杀，范围接近,
509,潜伏,滑行,动作,,same_category_mid,60-70,20,语义不同,
510,越剧,纸鸢,文化,,same_category_mid,60-70,40,都是历史文化，但关联度不高,
511,月食,流星雨,宇宙,,same_category_mid,60-70,40,都是宇宙相关，但关联度不高,
512,懊悔,自豪,感情,,same_category_mid,60-70,30,都是情感，但关联度不高,
513,木星,火星,宇宙,,same_category_mid,60-70,40,都是宇宙相关，但关联度不高,
514,坐船,安检,旅游,,same_category_mid,60-70,40,都是旅游，但关联度不高,
515,通话,养宠,生活,,same_category_mid,60-70,20,语义不同,
516,失落,压抑,感情,,same_category_mid,60-70,60,都是负面情绪,
517,鲁迅,诸葛亮,人物,,same_category_mid,60-70,40,都是历史人物，但关联度不高,
518,瞎子摸象,铁公鸡,歇后语,,same_category_mid,60-70,30,都是歇后语，但关联度不高,
519,解谜,升级,游戏,,same_category_mid,60-70,40,都是游戏，但关联度不高,
520,远程,离职,工作,,same_category_mid,60-70,40,都是工作，但关联度不高,
521,惬意,草船借箭,感情,,cross_category_low,0-30,20,语义不同,
522,敬佩,老马识途,情感,,cross_category_low,0-30,10,二者不搭界,
523,催办,登顶,工作,,cross_category_low,0-30,10,二者不搭界,
524,月球,惊喜,宇宙,,cross_category_low,0-30,9,二者不搭界,
525,杯水车薪,编钟,歇后语,,cross_category_low,0-30,10,二者不搭界,
526,鲛人,天文,神话,,cross_category_low,0-30,10,二者不搭界,
527,复述,翻滚,学习,,cross_category_low,0-30,7,二者不搭界,
528,李白,混血儿,人物,,cross_category_low,0-30,10,二者不搭界,
529,值机,春分,旅游,,cross_category_low,0-30,6,二者不搭界,
530,星游记,礁石,动漫,,cross_category_low,0-30,7,二者不搭界,
531,三令五申,超新星,典故,,cross_category_low,0-30,2,二者不搭界,
532,觅食,引力,旅游,,cross_category_low,0-30,3,二者不搭界,
533,汤圆,稻田,美食,,cross_category_low,0-30,4,二者不搭界,
534,命运之夜,山脊,动漫,,cross_category_low,0-30,2,二者不搭界,
535,妖精尾巴,星座,动漫,,cross_category_low,0-30,5,二者不搭界,
536,夏目友人帐,火箭,动漫,,cross_category_low,0-30,5,二者不搭界,
537,暴击,晚睡,游戏,,cross_category_low,0-30,6,二者不搭界,
538,朗读,化学,学习,,cross_category_low,0-30,20,语义不同,
539,女巫,粥品,狼人杀,,cross_category_low,0-30,2,二者不搭界,
540,离职,冬至,工作,,cross_category_low,0-30,3,二者不搭界,
541,方案,剪纸,工作,,cross_category_low,0-30,4,二者不搭界,
542,拉怪,以卵击石,游戏,,cross_category_low,0-30,5,二者不搭界,
543,纸上谈兵,拓印,典故,,cross_category_low,0-30,3,二者不搭界,
544,小幸运,俯冲,歌曲,,cross_category_low,0-30,4,二者不搭界,
545,晚睡,小行星,生活,,cross_category_low,0-30,5,二者不搭界,
546,seitai,点头,神话,,cross_category_low,0-30,6,二者不搭界,
547,里程碑,太阳系,工作,,cross_category_low,0-30,7,二者不搭界,
548,对齐,瞎子点灯,工作,,cross_category_low,0-30,4,二者不搭界,
549,签证,指鹿为马,旅游,,cross_category_low,0-30,4,都是旅游，但关联度不高,
550,冲茶,挥拳,生活,,cross_category_low,0-30,10,语义不同,
551,麻雀虽小,玄女,歇后语,,cross_category_low,0-30,7,二者不搭界,
552,纸上谈兵,期待,典故,,cross_category_low,0-30,7,二者不搭界,
553,林黛玉,挟天子,人物,,cross_category_low,0-30,7,二者不搭界,
554,惋惜,铁公鸡,情感,,cross_category_low,0-30,7,二者不搭界,
555,喜悦,煎饼,情感,,cross_category_low,0-30,7,二者不搭界,
556,守卫,午休,狼人杀,,cross_category_low,0-30,7,二者不搭界,
557,美术,骑士,学科,,cross_category_low,0-30,7,二者不搭界,
558,王安石,青之驱魔师,人物,,cross_category_low,0-30,7,二者不搭界,
559,立冬,后来,节日,,cross_category_low,0-30,7,二者不搭界,
560,心疼,柳宗元,情感,,cross_category_low,0-30,7,二者不搭界,
561,写作,石桥,学习,,cross_category_low,0-30,7,二者不搭界,
562,值机,安心,旅游,,cross_category_low,0-30,7,二者不搭界,
563,名侦探柯南,旋转,动漫,,cross_category_low,0-30,7,二者不搭界,
564,生物,梦魇,学科,,cross_category_low,0-30,7,二者不搭界,
565,生态,圣诞,学科,,cross_category_low,0-30,7,二者不搭界,
566,秃子头上,平和,歇后语,,cross_category_low,0-30,7,二者不搭界,
567,晾晒,亡羊补牢,生活,,cross_category_low,0-30,7,二者不搭界,
568,相柳,邓紫棋,神话,,cross_category_low,0-30,7,二者不搭界,
569,火锅,按部就班,美食,,cross_category_low,0-30,7,二者不搭界,
570,视角,烤鸭,游戏,,cross_category_low,0-30,7,二者不搭界,
571,天体,上线,学科,,cross_category_low,0-30,7,二者不搭界,
572,游戏王,农学,动漫,,cross_category_low,0-30,7,二者不搭界,
573,失望,酸辣粉,感情,,cross_category_low,0-30,7,二者不搭界,
574,露台,最美的期待,旅游,,cross_category_low,0-30,7,二者不搭界,
575,影子,一字千金,狼人杀,,cross_category_low,0-30,7,二者不搭界,
576,评审,镇魂街,工作,,cross_category_low,0-30,7,二者不搭界,
577,跟踪,杜甫,工作,,cross_category_low,0-30,7,二者不搭界,
578,做梦,存档,生活,,cross_category_low,0-30,7,二者不搭界,
579,嫉妒,会议,感情,,cross_category_low,0-30,7,二者不搭界,
580,苏轼,抬头,人物,,cross_category_low,0-30,7,二者不搭界,
581,掉落,许嵩,游戏,,cross_category_low,0-30,7,二者不搭界,
582,代数,祖冲之,学科,,cross_category_low,0-30,7,二者不搭界,
583,月饼,热切,美食,,cross_category_low,0-30,7,二者不搭界,
584,鞠躬,精卫,动作,,cross_category_low,0-30,7,二者不搭界,
585,踮脚,拓印,动作,,cross_category_low,0-30,7,二者不搭界,
586,值班,狗尾续貂,工作,,cross_category_low,0-30,7,二者不搭界,
587,银河,焦虑,宇宙,,cross_category_low,0-30,7,二者不搭界,
588,小雪,舞狮,节日,,cross_category_low,0-30,7,二者不搭界,
589,苏轼,居安思危,人物,,cross_category_low,0-30,7,二者不搭界,
590,祖冲之,讨论,人物,,cross_category_low,0-30,7,二者不搭界,
591,血月使者,茶园,狼人杀,,cross_category_low,0-30,7,二者不搭界,
592,日报,瞎子点灯,工作,,cross_category_low,0-30,7,二者不搭界,
593,轻松,盘古,感情,,cross_category_low,0-30,7,二者不搭界,
594,计算,大雪,学科,,cross_category_low,0-30,7,二者不搭界,
595,匹配,运动,游戏,,cross_category_low,0-30,7,二者不搭界,
596,全职猎人,馄饨,动漫,,cross_category_low,0-30,7,二者不搭界,
597,对接,驯熊师,工作,,cross_category_low,0-30,7,二者不搭界,
598,汉堡,京剧,美食,,cross_category_low,0-30,7,二者不搭界,
599,蒲松龄,联机,人物,,cross_category_low,0-30,7,二者不搭界,
600,白蛇缘起,敬佩,动漫,,cross_category_low,0-30,7,二者不搭界,
601,上课,不良人,学习,,cross_category_low,0-30,7,二者不搭界,
602,粽子,对牛弹琴,美食,,cross_category_low,0-30,7,二者不搭界,
603,螺蛳粉,冬至,美食,,cross_category_low,0-30,7,二者不搭界,
604,转机,刺绣,旅游,,cross_category_low,0-30,7,二者不搭界,
605,朗读,挤压,学习,,cross_category_low,0-30,7,二者不搭界,
606,关羽,盲人摸象,人物,,cross_category_low,0-30,7,二者不搭界,
607,羞涩,跳跃,情感,,cross_category_low,0-30,7,二者不搭界,
608,新手,丘比特,游戏,,cross_category_low,0-30,7,二者不搭界,
609,稻香,网球王子,歌曲,,cross_category_low,0-30,7,二者不搭界,
610,烤鱼,陶器,美食,,cross_category_low,0-30,7,二者不搭界,
611,复盘,同舟共济,工作,,cross_category_low,0-30,7,二者不搭界,
612,温馨,依恋,感情,,cross_category_low,0-30,7,二者不搭界,
613,记忆,流星雨,学习,,cross_category_low,0-30,7,二者不搭界,
614,三明治,卧薪尝胆,美食,,cross_category_low,0-30,7,二者不搭界,
615,做梦,火星,生活,,cross_category_low,0-30,7,二者不搭界,
616,入职,语文,工作,,cross_category_low,0-30,7,二者不搭界,
617,塔防,指鹿为马,游戏,,cross_category_low,0-30,7,二者不搭界,
618,阅读,骑士,学习,,cross_category_low,0-30,7,二者不搭界,
619,退避三舍,光年,典故,,cross_category_low,0-30,7,二者不搭界,
620,夏至,欣慰,节日,,cross_category_low,0-30,7,二者不搭界,
621,进击的巨人,听讲,动漫,,cross_category_low,0-30,7,二者不搭界,
622,篆刻,花海,文化,,cross_category_low,0-30,7,二者不搭界,
623,狗咬吕洞宾,猎魔人,歇后语,,cross_category_low,0-30,7,二者不搭界,
624,青之驱魔师,凿壁借光,动漫,,cross_category_low,0-30,7,二者不搭界,
625,欣喜,批改,情感,,cross_category_low,0-30,7,二者不搭界,
626,地球,体面,宇宙,,cross_category_low,0-30,7,二者不搭界,
627,白狼王,鲛人,狼人杀,,cross_category_low,0-30,7,二者不搭界,
628,天体,小暑,学科,,cross_category_low,0-30,7,二者不搭界,
629,日出,玄鸟,风景,,cross_category_low,0-30,7,二者不搭界,
630,郑和,鲲鹏,人物,,cross_category_low,0-30,7,二者不搭界,
631,露台,复盘,旅游,,cross_category_low,0-30,7,二者不搭界,
632,林俊杰,超新星,歌手,,cross_category_low,0-30,7,二者不搭界,
633,小行星,愚者,宇宙,,cross_category_low,0-30,7,二者不搭界,
634,皮影,春分,文化,,cross_category_low,0-30,7,二者不搭界,
635,张杰,答辩,歌手,,cross_category_low,0-30,7,二者不搭界,
636,果汁,协同,美食,,cross_category_low,0-30,7,二者不搭界,
637,潜狼,瞎子点灯,狼人杀,,cross_category_low,0-30,7,二者不搭界,
638,秦始皇,烤鸭,人物,,cross_category_low,0-30,7,二者不搭界,
639,卫星,果汁,宇宙,,cross_category_low,0-30,7,二者不搭界,
640,酸辣粉,全职猎人,美食,,cross_category_low,0-30,7,二者不搭界,
641,鸡犬升天,郁闷,歇后语,,cross_category_low,0-30,7,二者不搭界,
642,负荆请罪,推挡,典故,,cross_category_low,0-30,7,二者不搭界,
643,自相矛盾,拿鸡毛,成语,,cross_category_low,0-30,7,二者不搭界,
644,欣慰,经济,感情,,cross_category_low,0-30,7,二者不搭界,
645,讨论,鲁迅,学习,,cross_category_low,0-30,7,二者不搭界,
646,忐忑,战绩,感情,,cross_category_low,0-30,7,二者不搭界,
647,邯郸学步,刷牙,典故,,cross_category_low,0-30,7,二者不搭界,
648,副本,汉堡,游戏,,cross_category_low,0-30,7,二者不搭界,
649,一拳超人,守株待兔,动漫,,cross_category_low,0-30,7,二者不搭界,
650,欣赏,小年,情感,,cross_category_low,0-30,7,二者不搭界,
651,洗漱,樱桃小丸子,生活,,cross_category_low,0-30,7,二者不搭界,
652,黑洞,惊喜,宇宙,,cross_category_low,0-30,7,二者不搭界,
653,疲惫,杨千嬅,感情,,cross_category_low,0-30,7,二者不搭界,
654,化学,狼人,学科,,cross_category_low,0-30,7,二者不搭界,
655,实验,旋转,学习,,cross_category_low,0-30,7,二者不搭界,
656,肉夹馍,越剧,美食,,cross_category_low,0-30,7,二者不搭界,
657,喜悦,樱花,情感,,cross_category_low,0-30,7,二者不搭界,
658,疑惑,小幸运,情感,,cross_category_low,0-30,7,二者不搭界,
659,后来我们,划点,歌曲,,cross_category_low,0-30,7,二者不搭界,
660,雪中送炭,貔貅,成语,,cross_category_low,0-30,7,二者不搭界,
661,京剧,风之谷,文化,,cross_category_low,0-30,7,二者不搭界,
662,图穷匕见,连击,典故,,cross_category_low,0-30,7,二者不搭界,
663,拉怪,伸手,游戏,,cross_category_low,0-30,7,二者不搭界,
664,蛋挞,自豪,美食,,cross_category_low,0-30,7,二者不搭界,
665,亡羊补牢,上课,成语,,cross_category_low,0-30,7,二者不搭界,
666,大暑,琴棋,节日,,cross_category_low,0-30,7,二者不搭界,
667,俯身,午休,动作,,cross_category_low,0-30,7,二者不搭界,
668,重阳,鲲鹏,节日,,cross_category_low,0-30,7,二者不搭界,
669,张良,悬崖,人物,,cross_category_low,0-30,7,二者不搭界,
670,舞狮,托运,文化,,cross_category_low,0-30,7,二者不搭界,
671,丘比特,瀑布,狼人杀,,cross_category_low,0-30,7,二者不搭界,
672,悲伤,碑刻,感情,,cross_category_low,0-30,7,二者不搭界,
673,父亲节,哑巴吃黄连,节日,,cross_category_low,0-30,7,二者不搭界,
674,薛之谦,满足,歌手,,cross_category_low,0-30,7,二者不搭界,
675,租房,拍照,生活,,cross_category_low,0-30,7,二者不搭界,
676,风之谷,鞠躬,动漫,,cross_category_low,0-30,7,二者不搭界,
677,小笼包,禁锢者,美食,,cross_category_low,0-30,7,二者不搭界,
678,早起,引力波,生活,,cross_category_low,0-30,7,二者不搭界,
679,惊蛰,轮岗,节日,,cross_category_low,0-30,7,二者不搭界,
680,订房,亮起来,旅游,,nonsense_low,0-20,2,毫无关联,
681,悬梁刺股,旋律,典故,,nonsense_low,0-20,2,毫无关联,
682,果汁,判定,美食,,nonsense_low,0-20,2,毫无关联,
683,厌烦,猪八戒照镜,情感,,nonsense_low,0-20,2,毫无关联,
684,稻香,攀向高处,歌曲,,nonsense_low,0-20,2,毫无关联,
685,担忧,左右摆,情感,,nonsense_low,0-20,2,毫无关联,
686,害怕,起风了,感情,,nonsense_low,0-20,2,毫无关联,
687,触龙说赵,祭灶,典故,,nonsense_low,0-20,2,毫无关联,
688,评弹,降雨量,文化,,nonsense_low,0-20,2,毫无关联,
689,教程,运动,游戏,,nonsense_low,0-20,2,毫无关联,
690,借刀杀人,月饼,典故,,nonsense_low,0-20,2,毫无关联,
691,气象,卤味,学科,,nonsense_low,0-20,2,毫无关联,
692,圣诞,虚惊一场,节日,,nonsense_low,0-20,2,毫无关联,
693,排期,草堂,工作,,nonsense_low,0-20,2,毫无关联,
694,俯身,云量厚,动作,,nonsense_low,0-20,2,毫无关联,
695,山谷,脚尖发力,风景,,nonsense_low,0-20,2,毫无关联,
696,星座,造型表现,宇宙,,nonsense_low,0-20,2,毫无关联,
697,司马光,亲切感,人物,,nonsense_low,0-20,2,毫无关联,
698,大暑,辅黄帝,节日,,nonsense_low,0-20,2,毫无关联,
699,红豆,轨道群,歌曲,,nonsense_low,0-20,2,毫无关联,
700,命运之夜,引人来改,动漫,,nonsense_low,0-20,2,毫无关联,
701,李时珍,资治通鉴,人物,,nonsense_low,0-20,2,毫无关联,
702,极光,函谷关,风景,,nonsense_low,0-20,2,毫无关联,
703,冷淡,国家事,情感,,nonsense_low,0-20,2,毫无关联,
704,释怀,化形,情感,,nonsense_low,0-20,2,毫无关联,
705,进击的巨人,家常餐,动漫,,nonsense_low,0-20,2,毫无关联,
706,借刀杀人,步骤,典故,,nonsense_low,0-20,2,毫无关联,
707,考试,鬼怪装,学习,,nonsense_low,0-20,2,毫无关联,
708,张信哲,立夏,歌手,,nonsense_low,0-20,2,毫无关联,
709,祭司,热乎,狼人杀,,nonsense_low,0-20,2,毫无关联,
710,听课,守岁,学习,,nonsense_low,0-20,2,毫无关联,
711,父亲节,任务,节日,,nonsense_low,0-20,2,毫无关联,
712,霜降,侠客,节日,,nonsense_low,0-20,2,毫无关联,
713,哲学,稳定性,学科,,nonsense_low,0-20,2,毫无关联,
714,青花瓷,серд发紧,歌曲,,nonsense_low,0-20,2,毫无关联,
715,刀剑神域,对齐,动漫,,nonsense_low,0-20,2,毫无关联,
716,进击的巨人,孤身前往,动漫,,nonsense_low,0-20,2,毫无关联,
717,听课,高处直冲,学习,,nonsense_low,0-20,2,毫无关联,
718,挥手,仙桃宴,动作,,nonsense_low,0-20,2,毫无关联,
719,月食,柔美唱腔,宇宙,,nonsense_low,0-20,2,毫无关联,
720,朱雀,清风穿行,神话,,nonsense_low,0-20,2,毫无关联,
721,孤寂,路线阻挡,情感,,nonsense_low,0-20,2,毫无关联,
722,做家务,得意,生活,,nonsense_low,0-20,2,毫无关联,
723,投笔从戎,扫描,典故,,nonsense_low,0-20,2,毫无关联,
724,狼骑士,徒劳幻想,狼人杀,,nonsense_low,0-20,2,毫无关联,
725,植物,无顾虑,学科,,nonsense_low,0-20,2,毫无关联,
726,船到桥头,剑术,歇后语,,nonsense_low,0-20,2,毫无关联,
727,热切,断绝退路,情感,,nonsense_low,0-20,2,毫无关联,
728,抬头,柜台,动作,,nonsense_low,0-20,2,毫无关联,
729,玄鸟,分明清楚,神话,,nonsense_low,0-20,2,毫无关联,
730,排球少年,熬到很晚,动漫,,nonsense_low,0-20,2,毫无关联,
731,公会,语言技巧,游戏,,nonsense_low,0-20,2,毫无关联,
732,害怕,翻书找页,感情,,nonsense_low,0-20,2,毫无关联,
733,迷茫,零钱,感情,,nonsense_low,0-20,2,毫无关联,
734,嫉妒,规整,感情,,nonsense_low,0-20,2,毫无关联,
735,画江湖,早晨,动漫,,nonsense_low,0-20,2,毫无关联,
736,解答,看风景,学习,,nonsense_low,0-20,2,毫无关联,
737,熊出没,牺牲,动漫,,nonsense_low,0-20,2,毫无关联,
738,伸展,下西洋,动作,,nonsense_low,0-20,2,毫无关联,
739,刺客伍六七,烤鸭,动漫,,nonsense_low,0-20,2,毫无关联,
740,泥菩萨过,兔子尾巴,歇后语,,nonsense_low,0-20,2,毫无关联,
741,海湾,雾气起,风景,,nonsense_low,0-20,2,毫无关联,
742,四面楚歌,暮色流动,典故,,nonsense_low,0-20,2,毫无关联,
743,天气之子,弯膝下沉,动漫,,nonsense_low,0-20,2,毫无关联,
744,向导,撞山,旅游,,nonsense_low,0-20,2,毫无关联,
745,猪八戒照镜,执干戚,歇后语,,nonsense_low,0-20,2,毫无关联,
746,小幸运,摆臂协调,歌曲,,nonsense_low,0-20,2,毫无关联,
747,范仲淹,秦始皇,人物,,nonsense_low,0-20,2,毫无关联,
748,懊悔,果汁,感情,,nonsense_low,0-20,2,毫无关联,
749,白狼王,邪灵,狼人杀,,nonsense_low,0-20,2,毫无关联,
750,杯水车薪,母子转变,歇后语,,nonsense_low,0-20,2,毫无关联,
751,悬梁刺股,梯田,典故,,nonsense_low,0-20,2,毫无关联,
752,排查,校准方向,工作,,nonsense_low,0-20,2,毫无关联,
753,骑士,口述,狼人杀,,nonsense_low,0-20,2,毫无关联,
754,手柄,大禹,游戏,,nonsense_low,0-20,2,毫无关联,
755,元宵,绿垄,节日,,nonsense_low,0-20,2,毫无关联,
756,日食,腰间小圆,宇宙,,nonsense_low,0-20,2,毫无关联,
757,沙拉,近乎无物,美食,,nonsense_low,0-20,2,毫无关联,
758,自检,打包,工作,,nonsense_low,0-20,2,毫无关联,
759,天空之城,怎么猜,动漫,,nonsense_low,0-20,2,毫无关联,
760,馄饨,等待对局,美食,,nonsense_low,0-20,2,毫无关联,
761,天体,樱花,学科,,nonsense_low,0-20,2,毫无关联,
762,顺水推舟,全力冲,成语,,nonsense_low,0-20,2,毫无关联,
763,气候,你是猪,学科,,nonsense_low,0-20,2,毫无关联,
764,狼王,行当,狼人杀,,nonsense_low,0-20,2,毫无关联,
765,数学,粽香,学科,,nonsense_low,0-20,2,毫无关联,
766,狼骑士,无一落空,狼人杀,,nonsense_low,0-20,2,毫无关联,
767,挥拳,连线图,动作,,nonsense_low,0-20,2,毫无关联,
768,方案,摘记,工作,,nonsense_low,0-20,2,毫无关联,
769,皮雕,现场呈现,文化,,nonsense_low,0-20,2,毫无关联,
770,七夕,软糯,节日,,nonsense_low,0-20,2,毫无关联,
771,激动,阻力小,感情,,nonsense_low,0-20,2,毫无关联,
772,灯谜,泪成珠,文化,,nonsense_low,0-20,2,毫无关联,
773,小暑,武林,节日,,nonsense_low,0-20,2,毫无关联,
774,弹跳,站边后出手,动作,,nonsense_low,0-20,2,毫无关联,
775,麒麟,道德经,神话,,nonsense_low,0-20,2,毫无关联,
776,纸里包火,鬼狐故事,歇后语,,nonsense_low,0-20,2,毫无关联,
777,伤心,幕布戏偶,感情,,nonsense_low,0-20,2,毫无关联,
778,井水不犯,传递流程,歇后语,,nonsense_low,0-20,2,毫无关联,
779,洗碗,面霜,生活,,nonsense_low,0-20,2,毫无关联,
780,鹤立鸡群,看高处,成语,,nonsense_low,0-20,2,毫无关联,
781,黔驴技穷,选题,典故,,nonsense_low,0-20,2,毫无关联,
782,秦时明月,随从群,动漫,,nonsense_low,0-20,2,毫无关联,
783,忐忑,群起围堵,感情,,nonsense_low,0-20,2,毫无关联,
784,蔡依林,发呆,歌手,,nonsense_low,0-20,2,毫无关联,
785,咖喱,确认归岗,美食,,nonsense_low,0-20,2,毫无关联,
786,露台,神禽,旅游,,nonsense_low,0-20,2,毫无关联,
787,运动,先定规则,生活,,nonsense_low,0-20,2,毫无关联,
788,滥竽充数,复活,成语,,nonsense_low,0-20,2,毫无关联,
789,惆怅,防带走,感情,,nonsense_low,0-20,2,毫无关联,
790,斗破苍穹,热带,动漫,,nonsense_low,0-20,2,毫无关联,
791,越剧,委屈,文化,,nonsense_low,0-20,2,毫无关联,
792,理发,步行区,生活,,nonsense_low,0-20,2,毫无关联,
793,糖葫芦,火属性,美食,,nonsense_low,0-20,2,毫无关联,
794,柳宗元,叙事,人物,,nonsense_low,0-20,2,毫无关联,
795,香道,挂起来,文化,,nonsense_low,0-20,2,毫无关联,
796,指鹿为马,伎俩耗尽,典故,,nonsense_low,0-20,2,毫无关联,
797,远程,不受管束,工作,,nonsense_low,0-20,2,毫无关联,
798,碑刻,篾条成形,文化,,nonsense_low,0-20,2,毫无关联,
799,进击的巨人,心里一惊,动漫,,nonsense_low,0-20,2,毫无关联,
800,猫咪,猫,锚点词,,alias_synonym_high,90-98,90,昵称与本词,
801,狗狗,狗,锚点词,,alias_synonym_high,90-98,90,昵称与本词,
802,小狗,狗,锚点词,,alias_synonym_high,88-96,90,口语近义,
803,小猫,猫,锚点词,,alias_synonym_high,88-96,90,口语近义,
804,诸葛亮,孔明,,,alias_synonym_high,80-90,85,人工精调：历史别名,manual_patch
805,李白,青莲居士,人物,,alias_synonym_high,85-95,90,人物号,
806,杜甫,少陵野老,人物,,alias_synonym_high,85-95,90,人物号,
807,孙悟空,齐天大圣,人物,,alias_synonym_high,90-98,99,同一角色称谓,
808,哪吒,三太子,神话,,alias_synonym_high,85-95,90,角色称谓,
809,饺子,水饺,美食,,near_synonym_high,85-95,90,同义常用词,
810,火锅,涮锅,美食,,near_synonym_high,90,90,近义称呼,
811,寿司,饭团,美食,,related_mid,60,60,相关但非严格同义,
812,披萨,比萨,美食,,near_synonym_high,90,90,异写同词,
813,手机,电话,锚点词,,related_mid,80,80,强相关,
814,电脑,计算机,锚点词,,near_synonym_high,70,70,常见近义,
815,医生,大夫,锚点词,,near_synonym_high,99,99,职业近义,
816,老师,教师,锚点词,,near_synonym_high,90,90,职业近义,
817,学生,学员,锚点词,,related_mid,70,70,语义接近,
818,高兴,开心,锚点词,,near_synonym_high,80,80,情绪近义,
819,难过,伤心,锚点词,,near_synonym_high,80,80,情绪近义,
820,愤怒,生气,感情,,near_synonym_high,80,80,情绪近义,
821,孤独,孤寂,感情,,near_synonym_high,90,90,情绪近义,
822,跑步,奔跑,锚点词,,near_synonym_high,90,90,动作近义,
823,行走,走路,锚点词,,near_synonym_high,70,70,动作近义,
824,看见,看到,锚点词,,near_synonym_high,90,90,动词近义,
825,思考,思索,锚点词,,near_synonym_high,90,90,动词近义,
826,工作,上班,锚点词,,related_mid,80,80,场景相关,
827,学习,读书,锚点词,,related_mid,70,70,场景相关,
828,医院,诊所,锚点词,,related_mid,55-78,70,同域相关,
829,学校,校园,锚点词,,related_mid,60-82,80,同域相关,
830,地铁,公交,锚点词,,related_mid,45-68,60,交通相关,
831,汽车,卡车,锚点词,,related_mid,45-70,60,同类相关,
832,苹果,水果,锚点词,,related_mid,48-72,60,上下位相关,
833,猫咪,刘备,锚点词,,hard_negative_low,0-20,2,无关对照,
834,火锅,诸葛亮,美食,,hard_negative_low,0-20,2,跨域无关,
835,医生,海贼王,锚点词,,hard_negative_low,0-20,2,跨域无关,
836,学校,寿司,锚点词,,hard_negative_low,0-20,12,跨域无关,
837,李白,披萨,人物,,hard_negative_low,0-20,2,跨域无关,
838,一字千金,一字千金,典故,,exact_match,98-100,100,完全一致,
839,梁静茹,梁静茹,歌手,,exact_match,98-100,100,完全一致,
840,春节,春节,节日,,exact_match,98-100,100,完全一致,
841,盘腿,仰卧起坐,动作,,exact_match,98-100,100,完全一致,
842,女娲,女娲,神话,,exact_match,98-100,100,完全一致,
843,自检,自检,工作,,exact_match,98-100,100,完全一致,
844,黔驴技穷,黔驴技穷,典故,,exact_match,98-100,100,完全一致,
845,跟踪,跟踪,工作,,exact_match,98-100,100,完全一致,
846,拿鸡毛,拿鸡毛,歇后语,,exact_match,98-100,100,完全一致,
847,逻辑,逻辑,学科,,exact_match,98-100,100,完全一致,
848,屈原,屈原,人物,,exact_match,98-100,100,完全一致,
849,解答,解答,学习,,exact_match,98-100,100,完全一致,
850,孔子,孔子,人物,,exact_match,98-100,100,完全一致,
851,交接,交接,工作,,exact_match,98-100,100,完全一致,
852,同舟共济,同舟共济,成语,,exact_match,98-100,100,完全一致,
853,编钟,编钟,文化,,exact_match,98-100,100,完全一致,
854,释怀,释怀,情感,,exact_match,98-100,100,完全一致,
855,统计,统计,学科,,exact_match,98-100,100,完全一致,
856,借刀杀人,借刀杀人,典故,,exact_match,98-100,100,完全一致,
857,花灯,花灯,文化,,exact_match,98-100,100,完全一致,
858,视角,视角,游戏,,exact_match,98-100,100,完全一致,
859,滥竽充数,滥竽充数,成语,,exact_match,98-100,100,完全一致,
860,懊悔,懊悔,感情,,exact_match,98-100,100,完全一致,
861,羞愧,羞愧,感情,,exact_match,98-100,100,完全一致,
862,应龙,应龙,神话,,exact_match,98-100,100,完全一致,
863,云海,云海,风景,,exact_match,98-100,100,完全一致,
864,鲲鹏,鲲鹏,神话,,exact_match,98-100,100,完全一致,
865,天空之城,天空之城,动漫,,exact_match,98-100,100,完全一致,
866,一人之下,一人之下,动漫,,exact_match,98-100,100,完全一致,
867,小雪,小雪,节日,,exact_match,98-100,100,完全一致,
868,河伯,河伯,神话,,exact_match,98-100,100,完全一致,
869,起床,起床,生活,,exact_match,98-100,100,完全一致,
870,丘比特,丘比特,狼人杀,,exact_match,98-100,100,完全一致,
871,云雾,云雾,风景,,exact_match,98-100,100,完全一致,
872,贾宝玉,贾宝玉,人物,,exact_match,98-100,100,完全一致,
873,gong,gong,神话,,exact_match,98-100,100,完全一致,
874,预习,预习,学习,,exact_match,98-100,100,完全一致,
875,鞠躬,鞠躬,动作,,exact_match,98-100,100,完全一致,
876,按部就班,按部就班,成语,,exact_match,98-100,100,完全一致,
877,测验,测验,学习,,exact_match,98-100,100,完全一致,
878,读档,读档,游戏,,exact_match,98-100,100,完全一致,
879,倒挂,倒挂,动作,,exact_match,98-100,100,完全一致,
880,骑士,骑士,狼人杀,,exact_match,98-100,100,完全一致,
881,山脊,山脊,风景,,exact_match,98-100,100,完全一致,
882,篆书,篆书,文化,,exact_match,98-100,100,完全一致,
883,银河,银河,宇宙,,exact_match,98-100,100,完全一致,
884,欣慰,欣慰,感情,,exact_match,98-100,100,完全一致,
885,老子,老子,人物,,exact_match,98-100,100,完全一致,
886,酸辣粉,酸辣粉,美食,,exact_match,98-100,100,完全一致,
887,超新星,超新星,宇宙,,exact_match,98-100,100,完全一致,
888,父亲节,父亲节,节日,,exact_match,98-100,100,完全一致,
889,昆曲,昆曲,文化,,exact_match,98-100,100,完全一致,
890,嫦娥,嫦娥,神话,,exact_match,98-100,100,完全一致,
891,考试,考试,学习,,exact_match,98-100,100,完全一致,
892,虹猫蓝兔,虹猫蓝兔,动漫,,exact_match,98-100,100,完全一致,
893,兴奋,兴奋,感情,,exact_match,98-100,100,完全一致,
894,谭维维,谭维维,歌手,,exact_match,98-100,100,完全一致,
895,无奈,心里苦,情感,,near_synonym_high,80-92,70,答案提示词（需人工复核）,
896,居安思危,常备预案,典故,,near_synonym_high,80-92,80,答案提示词（需人工复核）,
897,月食,影入面,宇宙,,near_synonym_high,80-92,80,答案提示词（需人工复核）,
898,泥菩萨过,身子湿软,歇后语,,near_synonym_high,80-92,70,答案提示词（需人工复核）,
899,黑洞,事件视界,宇宙,,near_synonym_high,80-92,70,答案提示词（需人工复核）,
900,冰淇淋,融化快,美食,,near_synonym_high,80-92,70,答案提示词（需人工复核）,
901,订票,确认时间,旅游,,near_synonym_high,80-92,70,答案提示词（需人工复核）,
902,小行星,碰撞史,宇宙,,near_synonym_high,80-92,70,答案提示词（需人工复核）,
903,化学,原子模型,学科,,near_synonym_high,80-92,70,答案提示词（需人工复核）,
904,淡定,波澜不惊,感情,,near_synonym_high,80-92,80,答案提示词（需人工复核）,
905,应龙,天降雨,神话,,near_synonym_high,80-92,70,答案提示词（需人工复核）,
906,踢踏,脚步拍,动作,,near_synonym_high,80-92,70,答案提示词（需人工复核）,
907,背水一战,身后是河,典故,,near_synonym_high,80-92,90,答案提示词（需人工复核）,
908,井底青蛙,见识有限,歇后语,,near_synonym_high,80-92,80,答案提示词（需人工复核）,
909,招聘,面试筛选,工作,,near_synonym_high,80-92,70,答案提示词（需人工复核）,
910,老马识途,经验领路,歇后语,,near_synonym_high,80-92,70,答案提示词（需人工复核）,
911,真空,无气体,宇宙,,near_synonym_high,80-92,90,答案提示词（需人工复核）,
912,欣赏,识货,情感,,near_synonym_high,80-92,70,答案提示词（需人工复核）,
913,洗衣,去污,生活,,near_synonym_high,80-92,70,答案提示词（需人工复核）,
914,海阔天空,摇滚,歌曲,,near_synonym_high,80-92,70,答案提示词（需人工复核）,
915,顺水推舟,借势而行,成语,,near_synonym_high,80-92,80,答案提示词（需人工复核）,
916,跳跃,蹦起来,动作,,near_synonym_high,80-92,80,答案提示词（需人工复核）,
917,连麦,交流频道,游戏,,near_synonym_high,80-92,70,答案提示词（需人工复核）,
918,刷本,获取材料,游戏,,near_synonym_high,80-92,80,答案提示词（需人工复核）,
919,狼狈为奸,一起干坏,成语,,near_synonym_high,80-92,90,答案提示词（需人工复核）,
920,音乐,唱法技巧,学科,,near_synonym_high,80-92,70,答案提示词（需人工复核）,
921,蹲下,降低,动作,,near_synonym_high,80-92,70,答案提示词（需人工复核）,
922,负薪读书,贫而好学,典故,,near_synonym_high,80-92,80,答案提示词（需人工复核）,
923,黑洞,时空扭曲,宇宙,,near_synonym_high,80-92,90,答案提示词（需人工复核）,
924,心理,情绪认知,学科,,near_synonym_high,80-92,70,答案提示词（需人工复核）,
925,动物,鸟类,学科,,near_synonym_high,80-92,70,答案提示词（需人工复核）,
926,冷淡,不搭理,情感,,near_synonym_high,80-92,70,答案提示词（需人工复核）,
927,坦诚,真心话,情感,,near_synonym_high,80-92,90,答案提示词（需人工复核）,
928,握拳,指节绷紧,动作,,near_synonym_high,80-92,80,答案提示词（需人工复核）,
929,对症下药,有的放矢,成语,,near_synonym_high,80-92,70,答案提示词（需人工复核）,
930,投标,递交方案,工作,,near_synonym_high,80-92,80,答案提示词（需人工复核）,
931,鲲鹏,万里,神话,,near_synonym_high,80-92,80,答案提示词（需人工复核）,
932,侧步,拍手,动作,,related_mid,45-75,40,同类词（需人工复核）,
933,望梅止渴,单刀赴会,典故,,related_mid,45-75,50,同类词（需人工复核）,
934,首领,拉怪,游戏,,related_mid,45-75,60,同类词（需人工复核）,
935,谭维维,王力宏,歌手,,related_mid,45-75,40,同类词（需人工复核）,
936,周杰伦,邓紫棋,歌手,,related_mid,45-75,40,同类词（需人工复核）,
937,讲解,听讲,学习,,related_mid,45-75,50,同类词（需人工复核）,
938,林俊杰,梁静茹,歌手,,related_mid,45-75,50,同类词（需人工复核）,
939,女娲,玄女,神话,,related_mid,45-75,50,同类词（需人工复核）,
940,进击的巨人,死神,动漫,,related_mid,45-75,50,同类词（需人工复核）,
941,中秋,清明,节日,,related_mid,45-75,50,同类词（需人工复核）,
942,通灵师,骑士,狼人杀,,related_mid,45-75,70,同类词（需人工复核）,
943,画江湖,排球少年,动漫,,related_mid,45-75,50,同类词（需人工复核）,
944,练习,做作业,学习,,related_mid,45-75,40,同类词（需人工复核）,
945,梦魇,愚者,狼人杀,,related_mid,45-75,70,同类词（需人工复核）,
946,孟子,庄子,人物,,related_mid,45-75,60,同类词（需人工复核）,
947,狼美人,巫师,狼人杀,,related_mid,45-75,40,同类词（需人工复核）,
948,蔡依林,张信哲,歌手,,related_mid,45-75,50,同类词（需人工复核）,
949,刘德华,许嵩,歌手,,related_mid,45-75,50,同类词（需人工复核）,
950,后来,海阔天空,歌曲,,related_mid,45-75,40,同类词（需人工复核）,
951,饺子,馒头,美食,,related_mid,45-75,40,同类词（需人工复核）,
952,讲解,做题,学习,,related_mid,45-75,40,同类词（需人工复核）,
953,转身,旋转,动作,,related_mid,45-75,70,同类词（需人工复核）,
954,冷淡,焦虑,情感,,hard_negative_low,0-20,20,跨类无关（需人工复核）,
955,烤鸭,范仲淹,美食,,hard_negative_low,0-20,2,跨类无关（需人工复核）,
956,宇宙,教程,宇宙,,hard_negative_low,0-20,2,跨类无关（需人工复核）,
957,望梅止渴,追剧,典故,,hard_negative_low,0-20,2,跨类无关（需人工复核）,
958,卫星,烦躁,宇宙,,hard_negative_low,0-20,2,跨类无关（需人工复核）,
959,夜游,压抑,旅游,,hard_negative_low,0-20,2,跨类无关（需人工复核）,
960,理发,小行星,生活,,hard_negative_low,0-20,2,跨类无关（需人工复核）,
961,赶车,提问,旅游,,hard_negative_low,0-20,2,跨类无关（需人工复核）,
962,值机,语文,旅游,,hard_negative_low,0-20,2,跨类无关（需人工复核）,
963,竹编,值班,文化,,hard_negative_low,0-20,2,跨类无关（需人工复核）,
964,诸葛亮,梯田,人物,,hard_negative_low,0-20,2,跨类无关（需人工复核）,
965,游戏王,地理,动漫,,hard_negative_low,0-20,2,跨类无关（需人工复核）,
966,打卡,网球王子,旅游,,hard_negative_low,0-20,2,跨类无关（需人工复核）,
967,依恋,狼美人,情感,,hard_negative_low,0-20,2,跨类无关（需人工复核）,
968,蚩尤,露台,神话,,hard_negative_low,0-20,2,跨类无关（需人工复核）,
969,麻辣烫,杨千嬅,美食,,hard_negative_low,0-20,2,跨类无关（需人工复核）,
970,狗咬吕洞宾,值机,歇后语,,hard_negative_low,0-20,2,跨类无关（需人工复核）,
971,百发百中,卧薪尝胆,成语,,hard_negative_low,0-20,2,跨类无关（需人工复核）,
972,林间,攻略,风景,,hard_negative_low,0-20,2,跨类无关（需人工复核）,
973,七夕,死神,节日,,hard_negative_low,0-20,2,跨类无关（需人工复核）,
974,魔术师,三明治,狼人杀,,hard_negative_low,0-20,2,跨类无关（需人工复核）,
975,韩愈,下线,人物,,hard_negative_low,0-20,2,跨类无关（需人工复核）,
976,瞎子摸象,侧步,歇后语,,hard_negative_low,0-20,2,跨类无关（需人工复核）,
977,万圣节,法学,节日,,hard_negative_low,0-20,2,跨类无关（需人工复核）,
978,划点,围魏救赵,学习,,hard_negative_low,0-20,2,跨类无关（需人工复核）,
979,陶瓷,推挡,文化,,hard_negative_low,0-20,2,跨类无关（需人工复核）,
980,视角,滑行,游戏,,hard_negative_low,0-20,2,跨类无关（需人工复核）,
981,白居易,大公无私,人物,,hard_negative_low,0-20,2,跨类无关（需人工复核）,
982,盗贼,鲲鹏,狼人杀,,hard_negative_low,0-20,2,跨类无关（需人工复核）,
983,挥手,果汁,动作,,hard_negative_low,0-20,2,跨类无关（需人工复核）,
984,拉怪,地质,游戏,,hard_negative_low,0-20,2,跨类无关（需人工复核）,
985,海湾,薛之谦,风景,,hard_negative_low,0-20,2,跨类无关（需人工复核）,
986,喜羊羊,掩耳盗铃,动漫,,hard_negative_low,0-20,2,跨类无关（需人工复核）,
987,俯冲,汇总,动作,,hard_negative_low,0-20,2,跨类无关（需人工复核）,
988,一拳超人,失望,动漫,,hard_negative_low,0-20,2,跨类无关（需人工复核）,
989,离职,转机,工作,,hard_negative_low,0-20,2,跨类无关（需人工复核）,
990,画地为牢,迷茫,成语,,hard_negative_low,0-20,2,跨类无关（需人工复核）,
991,狗咬吕洞宾,忐忑,歇后语,,hard_negative_low,0-20,2,跨类无关（需人工复核）,
992,古镇,禁锢者,风景,,hard_negative_low,0-20,2,跨类无关（需人工复核）,
993,一字千金,陆游,典故,,hard_negative_low,0-20,2,跨类无关（需人工复核）,
994,杨戬,儿童节,神话,,hard_negative_low,0-20,2,跨类无关（需人工复核）,
995,不良人,销假,动漫,,hard_negative_low,0-20,2,跨类无关（需人工复核）,
996,震惊,望远镜,情感,,hard_negative_low,0-20,2,跨类无关（需人工复核）,
997,擀面杖吹火,圣斗士,歇后语,,hard_negative_low,0-20,2,跨类无关（需人工复核）,
998,订房,三顾茅庐,旅游,,hard_negative_low,0-20,2,跨类无关（需人工复核）,
999,雪峰,答辩,风景,,hard_negative_low,0-20,2,跨类无关（需人工复核）,
1000,羡慕,巫师,感情,,hard_negative_low,0-20,2,跨类无关（需人工复核）,
1001,春节,一箭双雕,节日,,hard_negative_low,0-20,2,跨类无关（需人工复核）,
1002,寿司,做实验,美食,,hard_negative_low,0-20,2,跨类无关（需人工复核）,
1003,解答,紧张,学习,,hard_negative_low,0-20,2,跨类无关（需人工复核）,
1004,兴奋,值机,感情,,hard_negative_low,0-20,2,跨类无关（需人工复核）,
1005,烤鸭,背包,美食,,hard_negative_low,0-20,2,跨类无关（需人工复核）,
1006,端午,温馨,节日,,hard_negative_low,0-20,2,跨类无关（需人工复核）,
1007,四面楚歌,排球少年,典故,,hard_negative_low,0-20,2,跨类无关（需人工复核）,
1008,转身,按部就班,动作,,hard_negative_low,0-20,2,跨类无关（需人工复核）,
1009,测绘,戏曲,学科,,hard_negative_low,0-20,2,跨类无关（需人工复核）,
1010,猫,猫咪,,,alias_synonym_high,80-95,90,人工锚点覆盖：昵称与本词（反向）,manual_override
1011,刘备,猫咪,,,hard_negative_low,0-15,10,人工锚点覆盖：无关对照（反向）,manual_override
1012,孔明,诸葛亮,,,alias_synonym_high,80-90,85,人工精调：历史别名（反向）,manual_patch
1013,齐天大圣,孙悟空,,,alias_synonym_high,80-95,85,人工锚点覆盖：同义别名（反向）,manual_override
1014,大夫,医生,,,alias_synonym_high,80-95,80,人工锚点覆盖：近义词（反向）,manual_override
1015,开心,高兴,,,alias_synonym_high,80-95,80,人工锚点覆盖：近义词（反向）,manual_override
1016,一鸣惊人,刮目相看,,,related_mid,40-80,46,人工锚点覆盖：语义相关（成语语境）,manual_override
1017,刮目相看,一鸣惊人,,,related_mid,40-80,46,人工锚点覆盖：语义相关（反向）,manual_override
1018,一鸣惊人,惊讶,,,related_mid,40-80,32,人工锚点覆盖：近义语义（弱到中关联）,manual_override
1019,惊讶,一鸣惊人,,,related_mid,40-80,32,人工锚点覆盖：近义语义（弱到中关联，反向）,manual_override
1020,一鸣惊人,厉害,,,related_mid,40-80,34,人工锚点覆盖：近义语义（口语表达）,manual_override
1021,厉害,一鸣惊人,,,related_mid,40-80,34,人工锚点覆盖：近义语义（口语表达，反向）,manual_override
1022,卧龙,诸葛亮,,,alias_synonym_high,80-90,85,人工精调：历史别名（反向）,manual_patch
1023,关羽,武圣,,,alias_synonym_high,80-90,82,人工精调：历史称号,manual_patch
1024,武圣,关羽,,,alias_synonym_high,80-90,82,人工精调：历史称号（反向）,manual_patch
1025,关羽,刮骨疗毒,,,related_mid,55-65,60,人工精调：历史事件关联,manual_patch
1026,刮骨疗毒,关羽,,,related_mid,55-65,60,人工精调：历史事件关联（反向）,manual_patch
1027,刮骨疗毒,华佗,,,related_mid,58-68,62,人工精调：历史事件与人物,manual_patch
1028,华佗,刮骨疗毒,,,related_mid,58-68,62,人工精调：历史事件与人物（反向）,manual_patch
1029,猫咪,你个der,,,hard_negative_low,0-12,10,人工精调：完全无关（反向）,manual_patch
1030,你个der,猫咪,,,hard_negative_low,0-12,10,人工精调：完全无关,manual_patch
1031,aaa,诸葛亮,,,hard_negative_low,0-12,10,人工精调：随机串无关,manual_patch
1032,诸葛亮,aaa,,,hard_negative_low,0-12,10,人工精调：随机串无关（反向）,manual_patch
